{"type":"Feature","properties":{"name":"Corredor das rodovias já destacadas no mapa: Rio Preto–Diamantina","checkedAt":"2026-10-05","source":"https://router.project-osrm.org/route/v1/driving/-49.50745,-20.81414;-47.7424457,-19.7442903;-47.743080139,-19.742990494;-46.940923,-19.600915;-46.171,-19.696;-46.1655231,-19.692769;-43.60065,-18.24409?overview=full&geometries=geojson&steps=true","note":"Recorte do traçado do roteiro existente: começa no acesso à SP-425 em São José do Rio Preto; não altera o trajeto exibido."},"geometry":{"type":"LineString","coordinates":[[-49.35358,-20.802406],[-49.352067,-20.802221],[-49.350916,-20.802069],[-49.350339,-20.801987],[-49.349761,-20.801905],[-49.348283,-20.801713],[-49.342732,-20.801027],[-49.341772,-20.800907],[-49.341339,-20.800853],[-49.337384,-20.800343],[-49.337112,-20.800308],[-49.335545,-20.800106],[-49.334562,-20.799949],[-49.333726,-20.799797],[-49.333333,-20.799721],[-49.33177,-20.799349],[-49.330432,-20.799013],[-49.322055,-20.796942],[-49.318853,-20.796147],[-49.316105,-20.795475],[-49.311977,-20.794454],[-49.30857,-20.793603],[-49.306005,-20.792965],[-49.305255,-20.792778],[-49.304502,-20.792595],[-49.303599,-20.792372],[-49.302459,-20.79211],[-49.302221,-20.792052],[-49.301075,-20.791806],[-49.300789,-20.791745],[-49.299804,-20.791508],[-49.29938,-20.791403],[-49.298112,-20.791068],[-49.296876,-20.790739],[-49.296046,-20.790524],[-49.29555,-20.79039],[-49.29502,-20.79026],[-49.29483,-20.790216],[-49.294187,-20.790054],[-49.293835,-20.789966],[-49.293516,-20.789888],[-49.292997,-20.789759],[-49.29147,-20.789376],[-49.289474,-20.788876],[-49.287062,-20.788277],[-49.286314,-20.788091],[-49.285726,-20.787941],[-49.284897,-20.787737],[-49.281249,-20.786832],[-49.280263,-20.786588],[-49.279262,-20.786335],[-49.274578,-20.785172],[-49.270396,-20.784131],[-49.269353,-20.783871],[-49.268131,-20.783562],[-49.266939,-20.783278],[-49.265136,-20.782866],[-49.263183,-20.782409],[-49.259914,-20.781577],[-49.255432,-20.780453],[-49.253663,-20.779976],[-49.251197,-20.779365],[-49.249559,-20.778952],[-49.249044,-20.778825],[-49.235257,-20.775402],[-49.230312,-20.774164],[-49.228451,-20.773698],[-49.227512,-20.773468],[-49.226712,-20.773261],[-49.225407,-20.772953],[-49.22501,-20.77284],[-49.223373,-20.772412],[-49.222975,-20.772326],[-49.22147,-20.771952],[-49.219162,-20.771383],[-49.218726,-20.771296],[-49.218399,-20.771241],[-49.217449,-20.771004],[-49.216885,-20.770855],[-49.216179,-20.770669],[-49.215773,-20.770535],[-49.215633,-20.770501],[-49.212723,-20.769773],[-49.211463,-20.769464],[-49.209566,-20.768986],[-49.205783,-20.768042],[-49.203889,-20.767583],[-49.202611,-20.76727],[-49.201836,-20.767064],[-49.199242,-20.766417],[-49.197571,-20.765993],[-49.196126,-20.765622],[-49.194599,-20.76525],[-49.193811,-20.765051],[-49.19301,-20.764858],[-49.191984,-20.764596],[-49.19117,-20.764403],[-49.190933,-20.764367],[-49.190664,-20.764324],[-49.190411,-20.7643],[-49.190128,-20.764275],[-49.189876,-20.764246],[-49.189639,-20.764203],[-49.189307,-20.764117],[-49.187737,-20.763702],[-49.187343,-20.76361],[-49.187065,-20.763532],[-49.186873,-20.763461],[-49.186608,-20.763358],[-49.186385,-20.763278],[-49.186164,-20.763179],[-49.185941,-20.763089],[-49.185355,-20.762952],[-49.18453,-20.762747],[-49.183785,-20.76256],[-49.180234,-20.761676],[-49.179446,-20.761548],[-49.179155,-20.76152],[-49.178823,-20.761482],[-49.178569,-20.761419],[-49.178225,-20.761317],[-49.177555,-20.761097],[-49.177185,-20.760944],[-49.176863,-20.760825],[-49.172314,-20.759707],[-49.172011,-20.759628],[-49.171806,-20.759598],[-49.171554,-20.759571],[-49.171304,-20.759551],[-49.171072,-20.759519],[-49.170832,-20.759479],[-49.170658,-20.75944],[-49.170462,-20.759391],[-49.170191,-20.759322],[-49.169899,-20.759229],[-49.169482,-20.759073],[-49.169053,-20.758878],[-49.167796,-20.758562],[-49.162494,-20.757267],[-49.159644,-20.756538],[-49.15932,-20.756459],[-49.158258,-20.756196],[-49.156491,-20.755784],[-49.154246,-20.755223],[-49.149228,-20.75399],[-49.146955,-20.753416],[-49.146303,-20.753254],[-49.145676,-20.753127],[-49.145366,-20.753069],[-49.145011,-20.753025],[-49.144705,-20.752981],[-49.144363,-20.752932],[-49.144184,-20.752871],[-49.14378,-20.752754],[-49.143522,-20.752649],[-49.143281,-20.752555],[-49.143062,-20.752478],[-49.142815,-20.752414],[-49.142282,-20.752289],[-49.14191,-20.752201],[-49.141759,-20.752176],[-49.14154,-20.752161],[-49.141248,-20.752135],[-49.141033,-20.7521],[-49.140864,-20.752066],[-49.140481,-20.751964],[-49.140246,-20.751878],[-49.140017,-20.751785],[-49.139908,-20.751735],[-49.139703,-20.751652],[-49.139573,-20.7516],[-49.139361,-20.751519],[-49.136775,-20.750879],[-49.130939,-20.749402],[-49.127297,-20.748509],[-49.122251,-20.747264],[-49.116815,-20.745914],[-49.114396,-20.745321],[-49.112918,-20.744949],[-49.111666,-20.744639],[-49.10399,-20.742731],[-49.103559,-20.742618],[-49.102933,-20.742464],[-49.084696,-20.737892],[-49.084519,-20.737846],[-49.081053,-20.737014],[-49.080625,-20.736899],[-49.078171,-20.736286],[-49.076046,-20.735723],[-49.073439,-20.735089],[-49.070585,-20.734389],[-49.068638,-20.73391],[-49.065878,-20.733203],[-49.062096,-20.732217],[-49.056857,-20.730939],[-49.055575,-20.730608],[-49.053498,-20.730111],[-49.048341,-20.728841],[-49.035209,-20.725557],[-49.031772,-20.724698],[-49.031368,-20.724644],[-49.031089,-20.724629],[-49.03073,-20.724589],[-49.030342,-20.724485],[-49.025191,-20.723197],[-49.024927,-20.723131],[-49.024555,-20.722982],[-49.024263,-20.722855],[-49.023905,-20.722714],[-49.021651,-20.722148],[-49.019398,-20.721592],[-49.017335,-20.72109],[-49.014571,-20.720399],[-49.001387,-20.717109],[-49.000829,-20.717002],[-49.000511,-20.716973],[-49.000212,-20.716948],[-48.999859,-20.716869],[-48.997849,-20.716367],[-48.995063,-20.715656],[-48.994435,-20.715512],[-48.994143,-20.715442],[-48.993856,-20.715334],[-48.993178,-20.715018],[-48.992719,-20.7149],[-48.99246,-20.71483],[-48.990465,-20.714323],[-48.989122,-20.713991],[-48.987509,-20.71357],[-48.980998,-20.711938],[-48.973729,-20.710106],[-48.973326,-20.710007],[-48.966837,-20.708419],[-48.964074,-20.707717],[-48.960941,-20.706916],[-48.959311,-20.706528],[-48.956418,-20.705799],[-48.954554,-20.705318],[-48.950559,-20.70437],[-48.947969,-20.70372],[-48.945741,-20.703077],[-48.944253,-20.702614],[-48.943763,-20.702462],[-48.942323,-20.701936],[-48.941496,-20.70162],[-48.941008,-20.701436],[-48.940484,-20.701224],[-48.940419,-20.701192],[-48.939326,-20.700774],[-48.938288,-20.700342],[-48.937769,-20.700122],[-48.937661,-20.700073],[-48.934929,-20.69883],[-48.933392,-20.698115],[-48.925695,-20.69461],[-48.9253,-20.694462],[-48.924654,-20.694163],[-48.922669,-20.693212],[-48.918834,-20.69144],[-48.917053,-20.690632],[-48.916696,-20.690449],[-48.916402,-20.690302],[-48.916212,-20.690205],[-48.916009,-20.690093],[-48.915738,-20.689926],[-48.914237,-20.689205],[-48.913839,-20.689021],[-48.91257,-20.688442],[-48.911326,-20.687867],[-48.907889,-20.686279],[-48.905259,-20.685053],[-48.905063,-20.684962],[-48.904814,-20.684847],[-48.904557,-20.684721],[-48.90436,-20.684634],[-48.904139,-20.68454],[-48.901742,-20.683428],[-48.899962,-20.6826],[-48.897731,-20.681563],[-48.896921,-20.681189],[-48.896473,-20.680981],[-48.896201,-20.680854],[-48.891439,-20.678642],[-48.884321,-20.675335],[-48.882911,-20.674681],[-48.880946,-20.673708],[-48.879336,-20.67284],[-48.877631,-20.671881],[-48.874397,-20.669911],[-48.866372,-20.664944],[-48.866001,-20.664714],[-48.854236,-20.657444],[-48.854046,-20.657326],[-48.853894,-20.657231],[-48.847657,-20.653374],[-48.845674,-20.652138],[-48.845093,-20.65179],[-48.843001,-20.65049],[-48.841857,-20.649782],[-48.84076,-20.649112],[-48.839892,-20.64859],[-48.838444,-20.647701],[-48.837964,-20.647393],[-48.835865,-20.646083],[-48.835652,-20.645945],[-48.833687,-20.644738],[-48.830297,-20.642626],[-48.827726,-20.641033],[-48.825839,-20.63987],[-48.824962,-20.639324],[-48.823091,-20.638153],[-48.821567,-20.63721],[-48.821491,-20.637166],[-48.821334,-20.637067],[-48.821095,-20.636921],[-48.820955,-20.636831],[-48.818748,-20.635473],[-48.816412,-20.634021],[-48.815224,-20.633278],[-48.814691,-20.632941],[-48.814246,-20.632679],[-48.813761,-20.632428],[-48.813179,-20.632133],[-48.812617,-20.631889],[-48.812202,-20.631744],[-48.811634,-20.631553],[-48.811023,-20.631366],[-48.810337,-20.631193],[-48.809712,-20.631054],[-48.809352,-20.630999],[-48.80897,-20.63094],[-48.808554,-20.630886],[-48.808129,-20.630841],[-48.806903,-20.63079],[-48.806492,-20.630776],[-48.805501,-20.630741],[-48.804492,-20.6307],[-48.804095,-20.630684],[-48.803512,-20.630666],[-48.802909,-20.630642],[-48.802604,-20.630618],[-48.802296,-20.630584],[-48.801567,-20.630475],[-48.801161,-20.630413],[-48.800661,-20.630315],[-48.799959,-20.630124],[-48.799422,-20.629977],[-48.799088,-20.629885],[-48.79832,-20.629637],[-48.797294,-20.629224],[-48.796123,-20.628692],[-48.794723,-20.628062],[-48.793575,-20.627562],[-48.792834,-20.627271],[-48.792113,-20.627021],[-48.791911,-20.626953],[-48.791255,-20.626749],[-48.790504,-20.626527],[-48.789959,-20.626386],[-48.789165,-20.626198],[-48.788189,-20.626],[-48.78589,-20.625534],[-48.782935,-20.624929],[-48.782402,-20.62482],[-48.781742,-20.624685],[-48.780993,-20.624528],[-48.780228,-20.624366],[-48.77958,-20.624237],[-48.779051,-20.624132],[-48.777828,-20.623902],[-48.777209,-20.623784],[-48.77694,-20.623732],[-48.775819,-20.623518],[-48.775075,-20.623375],[-48.773723,-20.623087],[-48.772596,-20.622858],[-48.772543,-20.622845],[-48.771863,-20.622692],[-48.771141,-20.622494],[-48.770517,-20.622279],[-48.769828,-20.622021],[-48.769415,-20.621851],[-48.768965,-20.621646],[-48.768438,-20.621395],[-48.767901,-20.621123],[-48.767432,-20.620855],[-48.766972,-20.620577],[-48.766084,-20.619988],[-48.764965,-20.619226],[-48.763185,-20.618043],[-48.763023,-20.617935],[-48.762355,-20.617491],[-48.761903,-20.617271],[-48.761444,-20.617047],[-48.761294,-20.616967],[-48.761114,-20.616839],[-48.760861,-20.616669],[-48.760002,-20.616094],[-48.75958,-20.615812],[-48.759379,-20.615684],[-48.758926,-20.615277],[-48.758641,-20.615041],[-48.758354,-20.614823],[-48.758271,-20.614766],[-48.758108,-20.614657],[-48.75727,-20.614095],[-48.756417,-20.613526],[-48.754898,-20.612502],[-48.754419,-20.612182],[-48.753777,-20.611771],[-48.753116,-20.611336],[-48.752677,-20.611059],[-48.752224,-20.610796],[-48.751747,-20.610539],[-48.751321,-20.610322],[-48.751238,-20.61028],[-48.750926,-20.610131],[-48.750426,-20.609894],[-48.75014,-20.609773],[-48.750001,-20.609719],[-48.749374,-20.609491],[-48.749191,-20.609429],[-48.748838,-20.609285],[-48.747883,-20.608912],[-48.746809,-20.608489],[-48.746311,-20.608296],[-48.745838,-20.608102],[-48.745023,-20.607788],[-48.74425,-20.607489],[-48.743472,-20.607175],[-48.742454,-20.606775],[-48.741986,-20.606605],[-48.741875,-20.606565],[-48.74144,-20.606416],[-48.741083,-20.606285],[-48.740811,-20.606183],[-48.740581,-20.606084],[-48.740153,-20.605908],[-48.739739,-20.605749],[-48.739384,-20.6056],[-48.739266,-20.60555],[-48.73871,-20.605334],[-48.738127,-20.60512],[-48.737559,-20.604908],[-48.736719,-20.604587],[-48.73633,-20.604444],[-48.735856,-20.604259],[-48.735353,-20.604064],[-48.734845,-20.603844],[-48.734454,-20.603678],[-48.734018,-20.603505],[-48.733509,-20.603309],[-48.733268,-20.603216],[-48.732789,-20.603043],[-48.731331,-20.602477],[-48.729753,-20.601891],[-48.72874,-20.601498],[-48.72763,-20.601074],[-48.727128,-20.600868],[-48.726541,-20.600601],[-48.726235,-20.60046],[-48.725347,-20.600036],[-48.724694,-20.599677],[-48.72456,-20.599601],[-48.724372,-20.599503],[-48.724002,-20.599301],[-48.723013,-20.598769],[-48.721667,-20.59806],[-48.721511,-20.597978],[-48.718934,-20.596576],[-48.718093,-20.596121],[-48.71713,-20.595595],[-48.716289,-20.595151],[-48.715384,-20.594674],[-48.714729,-20.59432],[-48.713792,-20.593813],[-48.712101,-20.592908],[-48.711775,-20.59273],[-48.710056,-20.591795],[-48.70982,-20.591677],[-48.709416,-20.591465],[-48.708703,-20.591095],[-48.707994,-20.590717],[-48.707387,-20.590394],[-48.70681,-20.59008],[-48.706416,-20.589863],[-48.70591,-20.589597],[-48.702298,-20.58765],[-48.69891,-20.585823],[-48.69856,-20.585639],[-48.684637,-20.578164],[-48.684492,-20.57809],[-48.683495,-20.577562],[-48.681959,-20.57673],[-48.675365,-20.573174],[-48.675032,-20.572994],[-48.674408,-20.572658],[-48.667267,-20.568807],[-48.664794,-20.567474],[-48.664622,-20.567374],[-48.662008,-20.565979],[-48.657242,-20.563418],[-48.656829,-20.563199],[-48.655867,-20.562684],[-48.65444,-20.56192],[-48.651369,-20.560285],[-48.649987,-20.559548],[-48.649094,-20.559072],[-48.642984,-20.555789],[-48.641445,-20.554951],[-48.638806,-20.553513],[-48.637218,-20.552647],[-48.630891,-20.549253],[-48.630125,-20.54884],[-48.628298,-20.547855],[-48.627134,-20.547198],[-48.624894,-20.546003],[-48.623694,-20.545326],[-48.620421,-20.543566],[-48.619558,-20.543102],[-48.617974,-20.542254],[-48.616107,-20.541255],[-48.609492,-20.537702],[-48.607929,-20.536909],[-48.604533,-20.535043],[-48.603222,-20.534338],[-48.601351,-20.533322],[-48.598997,-20.53207],[-48.597853,-20.531441],[-48.597544,-20.531281],[-48.593814,-20.529269],[-48.593421,-20.52905],[-48.592854,-20.52876],[-48.591305,-20.527921],[-48.590205,-20.52734],[-48.589824,-20.527128],[-48.589765,-20.527095],[-48.588486,-20.526406],[-48.587217,-20.525731],[-48.58693,-20.525571],[-48.586048,-20.525092],[-48.583128,-20.523508],[-48.58121,-20.522512],[-48.579665,-20.521681],[-48.577584,-20.52055],[-48.572526,-20.51784],[-48.569758,-20.51634],[-48.569361,-20.516125],[-48.567503,-20.515137],[-48.567054,-20.514898],[-48.565117,-20.513836],[-48.564486,-20.513487],[-48.564113,-20.513281],[-48.558661,-20.510369],[-48.556117,-20.50898],[-48.555775,-20.508804],[-48.554717,-20.508244],[-48.553989,-20.507857],[-48.551867,-20.506729],[-48.551524,-20.506544],[-48.549219,-20.505283],[-48.547001,-20.504069],[-48.545238,-20.503104],[-48.539893,-20.500241],[-48.538396,-20.49944],[-48.538194,-20.49933],[-48.533304,-20.496685],[-48.527167,-20.49339],[-48.51542,-20.487058],[-48.513346,-20.485932],[-48.510594,-20.484444],[-48.503893,-20.480808],[-48.500524,-20.479014],[-48.497429,-20.477354],[-48.49198,-20.474415],[-48.491539,-20.474176],[-48.489021,-20.472815],[-48.488054,-20.472293],[-48.484235,-20.470232],[-48.482485,-20.469296],[-48.480363,-20.46813],[-48.476142,-20.465873],[-48.476104,-20.465853],[-48.475836,-20.46571],[-48.475707,-20.465634],[-48.475542,-20.465541],[-48.475347,-20.465437],[-48.475087,-20.465303],[-48.47504,-20.465274],[-48.474456,-20.464948],[-48.473306,-20.46434],[-48.471055,-20.463143],[-48.468818,-20.461907],[-48.467696,-20.461292],[-48.466598,-20.460655],[-48.466072,-20.460334],[-48.4656,-20.460026],[-48.465321,-20.459831],[-48.465045,-20.459642],[-48.46463,-20.459349],[-48.463515,-20.458548],[-48.462497,-20.457747],[-48.460661,-20.456145],[-48.456207,-20.452263],[-48.455953,-20.45204],[-48.45409,-20.450406],[-48.453505,-20.449882],[-48.453293,-20.449692],[-48.453119,-20.449582],[-48.452788,-20.449326],[-48.452476,-20.449099],[-48.452153,-20.448889],[-48.451676,-20.448625],[-48.451359,-20.448456],[-48.45125,-20.4484],[-48.450889,-20.448214],[-48.450131,-20.447822],[-48.449903,-20.447705],[-48.449652,-20.447512],[-48.449466,-20.447349],[-48.449244,-20.447117],[-48.449078,-20.446889],[-48.448806,-20.446347],[-48.448642,-20.446031],[-48.448492,-20.445824],[-48.448312,-20.445573],[-48.44807,-20.445255],[-48.447835,-20.444987],[-48.447568,-20.444717],[-48.446765,-20.444025],[-48.446441,-20.443747],[-48.446166,-20.443501],[-48.445953,-20.443286],[-48.445557,-20.44294],[-48.442178,-20.43998],[-48.441707,-20.439567],[-48.437094,-20.435526],[-48.436065,-20.434631],[-48.434963,-20.433674],[-48.43462,-20.433374],[-48.434244,-20.433048],[-48.434192,-20.433002],[-48.43317,-20.432124],[-48.431973,-20.431063],[-48.427588,-20.427241],[-48.425255,-20.425207],[-48.420433,-20.421003],[-48.412464,-20.414054],[-48.412434,-20.414021],[-48.412206,-20.413823],[-48.411911,-20.413576],[-48.411701,-20.413391],[-48.411665,-20.413362],[-48.407437,-20.409638],[-48.406961,-20.409224],[-48.406108,-20.408482],[-48.404761,-20.407311],[-48.401006,-20.404049],[-48.397019,-20.400553],[-48.396446,-20.400055],[-48.396225,-20.399863],[-48.394129,-20.39804],[-48.393303,-20.397321],[-48.392747,-20.396836],[-48.390006,-20.394449],[-48.387101,-20.391907],[-48.385153,-20.390203],[-48.383325,-20.388604],[-48.381985,-20.387421],[-48.378838,-20.384699],[-48.376463,-20.382608],[-48.375509,-20.381777],[-48.373897,-20.380367],[-48.372341,-20.379095],[-48.370587,-20.377722],[-48.368366,-20.37613],[-48.367186,-20.375351],[-48.365783,-20.374466],[-48.361886,-20.372147],[-48.360019,-20.371018],[-48.359366,-20.370623],[-48.35822,-20.36993],[-48.355641,-20.368378],[-48.35351,-20.367096],[-48.351934,-20.366148],[-48.351753,-20.36604],[-48.351662,-20.365985],[-48.349129,-20.364473],[-48.348914,-20.364345],[-48.348778,-20.364263],[-48.342674,-20.360572],[-48.338563,-20.358106],[-48.33476,-20.355822],[-48.331068,-20.353599],[-48.328181,-20.351862],[-48.326035,-20.350529],[-48.32515,-20.349981],[-48.324558,-20.349627],[-48.323724,-20.349164],[-48.322812,-20.348634],[-48.3187,-20.346159],[-48.318126,-20.345825],[-48.317761,-20.345599],[-48.317433,-20.345402],[-48.316215,-20.344665],[-48.315762,-20.344462],[-48.315049,-20.344116],[-48.314729,-20.343952],[-48.31461,-20.343891],[-48.314446,-20.343807],[-48.313888,-20.343392],[-48.313558,-20.343121],[-48.313129,-20.342805],[-48.312489,-20.342425],[-48.311752,-20.341978],[-48.311068,-20.341568],[-48.31074,-20.341379],[-48.31039,-20.34118],[-48.309614,-20.340713],[-48.308203,-20.339851],[-48.307404,-20.33938],[-48.30691,-20.339085],[-48.306499,-20.338855],[-48.306051,-20.338614],[-48.30559,-20.338375],[-48.305526,-20.338342],[-48.3053,-20.338209],[-48.304986,-20.338021],[-48.304847,-20.337935],[-48.303682,-20.337134],[-48.303324,-20.3369],[-48.302689,-20.336524],[-48.302088,-20.336161],[-48.301757,-20.335962],[-48.301175,-20.33563],[-48.300794,-20.335411],[-48.300338,-20.335165],[-48.300021,-20.335029],[-48.299553,-20.334812],[-48.299226,-20.334642],[-48.299087,-20.33457],[-48.298969,-20.334491],[-48.298723,-20.334301],[-48.298262,-20.333939],[-48.298017,-20.333765],[-48.297859,-20.333661],[-48.297419,-20.33339],[-48.297297,-20.333297],[-48.29548,-20.332188],[-48.294839,-20.331817],[-48.293939,-20.331272],[-48.292799,-20.330572],[-48.291915,-20.330042],[-48.291062,-20.329542],[-48.290063,-20.328933],[-48.289621,-20.328682],[-48.289218,-20.328428],[-48.288097,-20.327754],[-48.286972,-20.327075],[-48.286564,-20.326885],[-48.286207,-20.326749],[-48.285992,-20.326652],[-48.285862,-20.326584],[-48.285661,-20.326457],[-48.285183,-20.326153],[-48.284648,-20.325847],[-48.283786,-20.325311],[-48.283285,-20.325025],[-48.282134,-20.32433],[-48.281808,-20.324127],[-48.28166,-20.324014],[-48.281472,-20.323853],[-48.281309,-20.323707],[-48.281065,-20.323519],[-48.280413,-20.323127],[-48.279925,-20.322833],[-48.27871,-20.322093],[-48.278014,-20.321683],[-48.276939,-20.321023],[-48.275931,-20.320422],[-48.274151,-20.319355],[-48.273332,-20.318867],[-48.272315,-20.318249],[-48.270329,-20.317054],[-48.269425,-20.31651],[-48.262961,-20.312609],[-48.261687,-20.311841],[-48.257685,-20.309421],[-48.25341,-20.306841],[-48.251449,-20.305648],[-48.249378,-20.304407],[-48.247172,-20.303078],[-48.244809,-20.301654],[-48.239773,-20.298615],[-48.238089,-20.297608],[-48.231218,-20.293462],[-48.224302,-20.289291],[-48.223734,-20.288949],[-48.219244,-20.286236],[-48.218934,-20.286049],[-48.213853,-20.282979],[-48.207717,-20.279272],[-48.207541,-20.279166],[-48.207392,-20.279074],[-48.204998,-20.27761],[-48.203059,-20.276507],[-48.200905,-20.275403],[-48.198929,-20.274461],[-48.19728,-20.273735],[-48.196923,-20.273577],[-48.194608,-20.272558],[-48.19441,-20.272478],[-48.191783,-20.271346],[-48.191031,-20.271017],[-48.183129,-20.267567],[-48.17382,-20.263574],[-48.17161,-20.262585],[-48.169835,-20.261797],[-48.167268,-20.260667],[-48.165088,-20.259734],[-48.161887,-20.258362],[-48.158148,-20.256734],[-48.156383,-20.256012],[-48.155643,-20.2557],[-48.15466,-20.255272],[-48.153411,-20.254726],[-48.152997,-20.254545],[-48.15203,-20.254122],[-48.149694,-20.253108],[-48.147696,-20.252248],[-48.146746,-20.25186],[-48.144067,-20.250675],[-48.13842,-20.248227],[-48.137722,-20.247924],[-48.136786,-20.247518],[-48.136516,-20.247401],[-48.13172,-20.24533],[-48.131658,-20.245303],[-48.128848,-20.244102],[-48.126646,-20.243131],[-48.125327,-20.242544],[-48.124774,-20.242348],[-48.124509,-20.242257],[-48.124126,-20.242164],[-48.123906,-20.242099],[-48.123543,-20.241949],[-48.123225,-20.241818],[-48.122287,-20.241403],[-48.121499,-20.241059],[-48.120623,-20.240674],[-48.119243,-20.240064],[-48.118441,-20.239734],[-48.118137,-20.239605],[-48.118098,-20.239505],[-48.118095,-20.239436],[-48.118123,-20.23939],[-48.118173,-20.239366],[-48.118304,-20.239353],[-48.118881,-20.239602],[-48.119874,-20.240028],[-48.120034,-20.240044],[-48.120227,-20.240103],[-48.120543,-20.240209],[-48.120698,-20.24024],[-48.120851,-20.240259],[-48.121056,-20.240244],[-48.121291,-20.240174],[-48.121578,-20.240047],[-48.121937,-20.239857],[-48.12216,-20.239776],[-48.122646,-20.239501],[-48.123132,-20.239227],[-48.124454,-20.238467],[-48.125108,-20.238102],[-48.125319,-20.237984],[-48.125916,-20.237622],[-48.126517,-20.237209],[-48.126879,-20.236917],[-48.127528,-20.236321],[-48.128073,-20.235699],[-48.128521,-20.235105],[-48.129014,-20.234282],[-48.129247,-20.233827],[-48.129567,-20.233097],[-48.130685,-20.230214],[-48.13112,-20.229112],[-48.131881,-20.227185],[-48.133464,-20.223151],[-48.13355,-20.222933],[-48.133635,-20.222715],[-48.133943,-20.221911],[-48.136188,-20.216189],[-48.137888,-20.211895],[-48.140022,-20.206429],[-48.142557,-20.199927],[-48.144456,-20.195143],[-48.144798,-20.194373],[-48.145094,-20.193683],[-48.145397,-20.193053],[-48.146105,-20.191741],[-48.146485,-20.191062],[-48.146761,-20.190583],[-48.1469,-20.190352],[-48.146969,-20.190238],[-48.147099,-20.190014],[-48.148793,-20.18754],[-48.151204,-20.184099],[-48.15802,-20.174341],[-48.158221,-20.174053],[-48.16262,-20.167772],[-48.163376,-20.166672],[-48.164972,-20.16441],[-48.1653,-20.163938],[-48.16533,-20.163894],[-48.165794,-20.163226],[-48.166891,-20.161654],[-48.167764,-20.160415],[-48.168712,-20.159063],[-48.171039,-20.155747],[-48.171648,-20.154875],[-48.173816,-20.15177],[-48.174191,-20.151206],[-48.17495,-20.149898],[-48.175843,-20.148183],[-48.176344,-20.147098],[-48.176765,-20.146087],[-48.176904,-20.145705],[-48.17711,-20.145148],[-48.17723,-20.144824],[-48.177377,-20.144355],[-48.177744,-20.14316],[-48.180199,-20.135153],[-48.180794,-20.133195],[-48.183418,-20.124697],[-48.184973,-20.119658],[-48.18516,-20.119057],[-48.185963,-20.11648],[-48.18651,-20.114938],[-48.186979,-20.113817],[-48.187435,-20.11287],[-48.187875,-20.112009],[-48.188222,-20.111448],[-48.189751,-20.108995],[-48.191636,-20.106472],[-48.202102,-20.092323],[-48.217134,-20.071999],[-48.227255,-20.057994],[-48.227784,-20.057257],[-48.228694,-20.055999],[-48.229409,-20.055053],[-48.230871,-20.053063],[-48.231335,-20.052404],[-48.231674,-20.051915],[-48.23187,-20.0516],[-48.232263,-20.050803],[-48.232539,-20.050126],[-48.232581,-20.050023],[-48.232694,-20.049681],[-48.232909,-20.048928],[-48.232967,-20.048672],[-48.233009,-20.048378],[-48.233113,-20.047681],[-48.233144,-20.047481],[-48.235223,-20.033764],[-48.235465,-20.032172],[-48.235644,-20.030993],[-48.235702,-20.030608],[-48.235847,-20.029651],[-48.236549,-20.025072],[-48.236958,-20.022479],[-48.237157,-20.021098],[-48.2373,-20.020117],[-48.237521,-20.018689],[-48.237528,-20.018643],[-48.237766,-20.017109],[-48.23778,-20.017017],[-48.238091,-20.015009],[-48.238142,-20.014681],[-48.23821,-20.014243],[-48.238222,-20.01417],[-48.238272,-20.01378],[-48.23832,-20.01347],[-48.238446,-20.012628],[-48.238523,-20.012217],[-48.238589,-20.01194],[-48.238672,-20.01165],[-48.238774,-20.011325],[-48.238942,-20.010897],[-48.239083,-20.010603],[-48.239348,-20.010142],[-48.239599,-20.009728],[-48.239848,-20.009401],[-48.240114,-20.009082],[-48.24039,-20.008785],[-48.240646,-20.008542],[-48.240732,-20.008404],[-48.240766,-20.008338],[-48.240786,-20.008274],[-48.240816,-20.008173],[-48.240819,-20.008097],[-48.24082,-20.007984],[-48.240755,-20.007902],[-48.240659,-20.00786],[-48.240607,-20.00784],[-48.240566,-20.007826],[-48.240476,-20.007799],[-48.240314,-20.007762],[-48.240217,-20.007774],[-48.239894,-20.007827],[-48.239536,-20.007852],[-48.239278,-20.007861],[-48.238971,-20.007851],[-48.23799,-20.007789],[-48.235515,-20.007553],[-48.234339,-20.007454],[-48.229908,-20.007041],[-48.226649,-20.006714],[-48.221237,-20.006325],[-48.212911,-20.005473],[-48.211387,-20.005301],[-48.210673,-20.005159],[-48.209634,-20.004873],[-48.209401,-20.004787],[-48.208707,-20.004516],[-48.207036,-20.003625],[-48.204899,-20.002525],[-48.200305,-20.000144],[-48.197471,-19.99869],[-48.193992,-19.996895],[-48.190616,-19.995158],[-48.188117,-19.993861],[-48.187775,-19.993672],[-48.187462,-19.993482],[-48.187205,-19.99331],[-48.186788,-19.993014],[-48.186283,-19.992615],[-48.186002,-19.992374],[-48.18581,-19.992184],[-48.185598,-19.991973],[-48.185389,-19.991767],[-48.185186,-19.991531],[-48.184978,-19.991293],[-48.184795,-19.991066],[-48.184679,-19.990922],[-48.184488,-19.990657],[-48.184276,-19.990351],[-48.184093,-19.990085],[-48.183942,-19.989823],[-48.183794,-19.989571],[-48.183699,-19.989396],[-48.183196,-19.988427],[-48.18244,-19.987005],[-48.182247,-19.986628],[-48.181053,-19.984328],[-48.180322,-19.982966],[-48.179772,-19.981904],[-48.17789,-19.978402],[-48.174897,-19.972673],[-48.174327,-19.971572],[-48.173849,-19.970586],[-48.173819,-19.970514],[-48.173733,-19.970309],[-48.173615,-19.970014],[-48.173472,-19.96959],[-48.173362,-19.96922],[-48.17326,-19.968865],[-48.173139,-19.968349],[-48.173012,-19.967828],[-48.172888,-19.967291],[-48.172662,-19.966411],[-48.172517,-19.965796],[-48.171154,-19.960005],[-48.170527,-19.957406],[-48.169971,-19.955102],[-48.169432,-19.952946],[-48.16925,-19.952265],[-48.169124,-19.951854],[-48.168966,-19.951418],[-48.168735,-19.950901],[-48.168502,-19.950445],[-48.167166,-19.947883],[-48.16678,-19.94723],[-48.166367,-19.94665],[-48.166004,-19.946232],[-48.165731,-19.945934],[-48.165385,-19.945619],[-48.164902,-19.945233],[-48.164532,-19.944976],[-48.163135,-19.944144],[-48.160483,-19.942532],[-48.158068,-19.941124],[-48.156526,-19.940188],[-48.154047,-19.938731],[-48.152171,-19.937599],[-48.152024,-19.937511],[-48.150689,-19.936716],[-48.148986,-19.935708],[-48.147283,-19.934686],[-48.14529,-19.933501],[-48.14368,-19.932515],[-48.143361,-19.932281],[-48.142887,-19.931895],[-48.142559,-19.93156],[-48.142216,-19.931197],[-48.14191,-19.930831],[-48.141583,-19.930375],[-48.141371,-19.930037],[-48.141248,-19.929832],[-48.14113,-19.929606],[-48.140784,-19.928877],[-48.140124,-19.927404],[-48.139438,-19.92581],[-48.139375,-19.925684],[-48.137467,-19.921496],[-48.13652,-19.919408],[-48.136138,-19.918609],[-48.135816,-19.918066],[-48.135637,-19.917779],[-48.135363,-19.917355],[-48.135063,-19.916962],[-48.133102,-19.914775],[-48.131039,-19.912576],[-48.128835,-19.910175],[-48.128215,-19.909487],[-48.127316,-19.908519],[-48.126576,-19.907744],[-48.126529,-19.907695],[-48.12644,-19.907603],[-48.126176,-19.907351],[-48.125854,-19.907069],[-48.125581,-19.906849],[-48.125173,-19.906572],[-48.124631,-19.906241],[-48.124395,-19.90612],[-48.124151,-19.906007],[-48.123194,-19.905616],[-48.121568,-19.90499],[-48.121268,-19.904857],[-48.121053,-19.904751],[-48.120804,-19.904592],[-48.120573,-19.90439],[-48.120297,-19.904123],[-48.117896,-19.901548],[-48.116601,-19.900146],[-48.115193,-19.898602],[-48.114836,-19.898209],[-48.113944,-19.897225],[-48.112368,-19.895503],[-48.111641,-19.894731],[-48.111106,-19.894197],[-48.110662,-19.893805],[-48.11029,-19.893503],[-48.109746,-19.893119],[-48.109341,-19.892847],[-48.108385,-19.892246],[-48.106009,-19.890739],[-48.103447,-19.889096],[-48.102533,-19.888514],[-48.101096,-19.887609],[-48.099864,-19.886819],[-48.099285,-19.886454],[-48.098815,-19.886154],[-48.098257,-19.885799],[-48.097891,-19.885564],[-48.09743,-19.885264],[-48.09706,-19.885022],[-48.096777,-19.884839],[-48.096439,-19.884625],[-48.096146,-19.884442],[-48.09545,-19.884004],[-48.094968,-19.883687],[-48.094753,-19.88353],[-48.094558,-19.883379],[-48.09435,-19.883212],[-48.094024,-19.882927],[-48.09382,-19.882725],[-48.093641,-19.882548],[-48.093451,-19.882328],[-48.093195,-19.882018],[-48.092953,-19.881683],[-48.092831,-19.881508],[-48.092701,-19.881319],[-48.092559,-19.881078],[-48.092397,-19.880773],[-48.092225,-19.880458],[-48.091979,-19.88001],[-48.091712,-19.879542],[-48.091419,-19.879007],[-48.091011,-19.878266],[-48.09074,-19.877775],[-48.090339,-19.877051],[-48.08979,-19.876068],[-48.089517,-19.875569],[-48.089051,-19.87473],[-48.088665,-19.874048],[-48.088255,-19.873356],[-48.087904,-19.872777],[-48.087532,-19.872169],[-48.087097,-19.871454],[-48.086664,-19.870722],[-48.086478,-19.870408],[-48.086057,-19.869719],[-48.085519,-19.868824],[-48.085238,-19.868374],[-48.084854,-19.86774],[-48.084582,-19.867289],[-48.084082,-19.866456],[-48.083653,-19.865744],[-48.083282,-19.86513],[-48.082894,-19.864495],[-48.082537,-19.863915],[-48.082299,-19.86352],[-48.082116,-19.863239],[-48.081917,-19.862946],[-48.081716,-19.862672],[-48.081518,-19.862425],[-48.081225,-19.8621],[-48.08106,-19.861929],[-48.080783,-19.861671],[-48.080564,-19.861481],[-48.080282,-19.861258],[-48.080113,-19.861132],[-48.079856,-19.860948],[-48.079454,-19.86067],[-48.079041,-19.860385],[-48.078404,-19.859942],[-48.077738,-19.859486],[-48.076844,-19.858869],[-48.07589,-19.858212],[-48.075021,-19.857616],[-48.0743,-19.857111],[-48.074083,-19.856963],[-48.07298,-19.856208],[-48.072527,-19.855898],[-48.070955,-19.854822],[-48.070207,-19.854312],[-48.069833,-19.854023],[-48.069525,-19.853766],[-48.069201,-19.853472],[-48.068927,-19.853182],[-48.068681,-19.852893],[-48.068424,-19.852564],[-48.068206,-19.852259],[-48.06785,-19.851704],[-48.067307,-19.850827],[-48.066672,-19.849822],[-48.066246,-19.849126],[-48.065706,-19.848252],[-48.06509,-19.847265],[-48.064493,-19.846333],[-48.064146,-19.845838],[-48.063748,-19.845359],[-48.063138,-19.844694],[-48.062625,-19.844218],[-48.06166,-19.843393],[-48.061095,-19.842899],[-48.059946,-19.841899],[-48.059772,-19.841751],[-48.059332,-19.841371],[-48.058925,-19.841014],[-48.058279,-19.840442],[-48.057984,-19.840183],[-48.056822,-19.839182],[-48.055961,-19.838432],[-48.05419,-19.83689],[-48.053425,-19.836225],[-48.051822,-19.83483],[-48.051618,-19.834653],[-48.050919,-19.834045],[-48.049944,-19.833198],[-48.049406,-19.832742],[-48.048749,-19.832205],[-48.048371,-19.831934],[-48.047802,-19.831575],[-48.047319,-19.831308],[-48.045505,-19.830391],[-48.043815,-19.829556],[-48.043204,-19.829254],[-48.042288,-19.828778],[-48.042018,-19.828616],[-48.041549,-19.828295],[-48.041015,-19.827854],[-48.040195,-19.827138],[-48.039648,-19.82666],[-48.038319,-19.825508],[-48.035441,-19.822989],[-48.033033,-19.820884],[-48.031595,-19.819615],[-48.030829,-19.818949],[-48.029839,-19.818088],[-48.028363,-19.816789],[-48.027726,-19.816108],[-48.027311,-19.815584],[-48.026936,-19.81498],[-48.026603,-19.814345],[-48.026395,-19.813839],[-48.02618,-19.813169],[-48.026083,-19.81274],[-48.026002,-19.812327],[-48.025811,-19.811451],[-48.025765,-19.811243],[-48.025492,-19.810122],[-48.025308,-19.809557],[-48.025138,-19.809149],[-48.024818,-19.808508],[-48.024608,-19.808126],[-48.024392,-19.8078],[-48.024235,-19.807643],[-48.023943,-19.80729],[-48.023593,-19.806932],[-48.0231,-19.806474],[-48.02278,-19.806198],[-48.022151,-19.80576],[-48.02181,-19.80557],[-48.021274,-19.805313],[-48.020445,-19.804912],[-48.020225,-19.804819],[-48.017658,-19.803763],[-48.016949,-19.803507],[-48.016259,-19.803299],[-48.015912,-19.803147],[-48.015492,-19.80294],[-48.015176,-19.802761],[-48.011037,-19.801065],[-48.008851,-19.800164],[-48.008305,-19.799974],[-48.007884,-19.799879],[-48.007045,-19.799464],[-48.00627,-19.799122],[-48.005252,-19.798711],[-48.004354,-19.798264],[-48.003566,-19.797784],[-48.003142,-19.797494],[-48.0025,-19.796977],[-48.001,-19.795609],[-48.000487,-19.795164],[-47.999965,-19.794743],[-47.999528,-19.794241],[-47.998581,-19.793371],[-47.99842,-19.793225],[-47.998228,-19.793061],[-47.997799,-19.792745],[-47.997452,-19.792521],[-47.996671,-19.792115],[-47.996313,-19.79195],[-47.995962,-19.791822],[-47.995573,-19.791707],[-47.995272,-19.791631],[-47.995031,-19.791543],[-47.994656,-19.791364],[-47.994343,-19.791234],[-47.990903,-19.789963],[-47.989908,-19.789608],[-47.989543,-19.789475],[-47.988199,-19.788988],[-47.987361,-19.788685],[-47.987254,-19.788652],[-47.986992,-19.78857],[-47.986425,-19.788411],[-47.98556,-19.788045],[-47.985107,-19.78787],[-47.984641,-19.787707],[-47.98157,-19.786591],[-47.981163,-19.786445],[-47.980684,-19.786311],[-47.980313,-19.786194],[-47.980034,-19.786058],[-47.979073,-19.785611],[-47.978251,-19.785079],[-47.977689,-19.784574],[-47.977145,-19.7839],[-47.976595,-19.783122],[-47.976185,-19.782617],[-47.976024,-19.782333],[-47.975793,-19.781924],[-47.975337,-19.781272],[-47.974846,-19.780522],[-47.973902,-19.779016],[-47.972947,-19.77754],[-47.972794,-19.777379],[-47.97267,-19.77725],[-47.972617,-19.777206],[-47.972536,-19.777159],[-47.972448,-19.777126],[-47.972351,-19.777101],[-47.972065,-19.777069],[-47.971921,-19.777055],[-47.971785,-19.777056],[-47.971678,-19.777074],[-47.971574,-19.777103],[-47.971487,-19.777141],[-47.971398,-19.777193],[-47.971327,-19.777252],[-47.971261,-19.777318],[-47.971109,-19.777524],[-47.970897,-19.777758],[-47.970658,-19.778059],[-47.970447,-19.778276],[-47.970256,-19.778453],[-47.970021,-19.778634],[-47.969784,-19.778788],[-47.969572,-19.778907],[-47.969318,-19.779018],[-47.969061,-19.779117],[-47.968811,-19.779194],[-47.968556,-19.779256],[-47.96832,-19.7793],[-47.968051,-19.779334],[-47.967726,-19.779347],[-47.964978,-19.77933],[-47.962579,-19.779331],[-47.961297,-19.779315],[-47.961062,-19.779314],[-47.958117,-19.779307],[-47.952782,-19.77928],[-47.950012,-19.779251],[-47.947903,-19.779254],[-47.947649,-19.779263],[-47.947479,-19.779282],[-47.947291,-19.779306],[-47.946432,-19.77947],[-47.946104,-19.779518],[-47.945934,-19.779536],[-47.945746,-19.779546],[-47.944843,-19.779544],[-47.944814,-19.779544],[-47.94456,-19.779542],[-47.944505,-19.779541],[-47.943863,-19.779531],[-47.943544,-19.779508],[-47.943167,-19.779461],[-47.942681,-19.779378],[-47.941981,-19.779206],[-47.94168,-19.779148],[-47.941419,-19.779113],[-47.941148,-19.77909],[-47.940053,-19.779025],[-47.938108,-19.778879],[-47.937581,-19.778847],[-47.930694,-19.778346],[-47.928665,-19.778219],[-47.928253,-19.778194],[-47.926168,-19.778033],[-47.925842,-19.778068],[-47.925618,-19.778071],[-47.925213,-19.778082],[-47.924602,-19.77814],[-47.924003,-19.778219],[-47.92391,-19.778243],[-47.923286,-19.778407],[-47.922655,-19.778599],[-47.922411,-19.778621],[-47.922342,-19.778631],[-47.922273,-19.778628],[-47.922213,-19.778612],[-47.922165,-19.778585],[-47.921985,-19.778334],[-47.92196,-19.778282],[-47.92195,-19.778232],[-47.921943,-19.778138],[-47.921944,-19.778033],[-47.922034,-19.777688],[-47.921983,-19.77745],[-47.921927,-19.777355],[-47.92187,-19.777262],[-47.921703,-19.77711],[-47.921514,-19.776979],[-47.920554,-19.776386],[-47.919284,-19.77559],[-47.918706,-19.775231],[-47.916391,-19.77381],[-47.915765,-19.773396],[-47.914998,-19.77291],[-47.914529,-19.772637],[-47.914364,-19.772549],[-47.913744,-19.772207],[-47.91339,-19.772062],[-47.912883,-19.771888],[-47.912463,-19.771773],[-47.911939,-19.771667],[-47.911423,-19.771585],[-47.910213,-19.771393],[-47.908527,-19.771131],[-47.907641,-19.771002],[-47.907194,-19.770914],[-47.906722,-19.770813],[-47.906351,-19.770743],[-47.904988,-19.770518],[-47.904133,-19.7704],[-47.903124,-19.770253],[-47.902582,-19.770165],[-47.902296,-19.770119],[-47.897645,-19.76939],[-47.896004,-19.769139],[-47.893912,-19.768807],[-47.892768,-19.768632],[-47.891654,-19.76847],[-47.888882,-19.768021],[-47.888463,-19.767956],[-47.885398,-19.767492],[-47.884502,-19.767345],[-47.8841,-19.767245],[-47.883965,-19.767208],[-47.883765,-19.767153],[-47.883427,-19.767082],[-47.881237,-19.766732],[-47.875968,-19.765913],[-47.872831,-19.765444],[-47.869662,-19.764928],[-47.868462,-19.764726],[-47.865956,-19.764365],[-47.864926,-19.764202],[-47.860491,-19.763501],[-47.859049,-19.763278],[-47.857331,-19.762995],[-47.856018,-19.762789],[-47.853148,-19.762339],[-47.852676,-19.762264],[-47.845805,-19.761162],[-47.841359,-19.760469],[-47.839348,-19.760159],[-47.838719,-19.760062],[-47.835507,-19.759544],[-47.833835,-19.759284],[-47.833059,-19.759164],[-47.832272,-19.759051],[-47.830269,-19.758756],[-47.822336,-19.757478],[-47.821504,-19.757344],[-47.821074,-19.757288],[-47.820598,-19.757245],[-47.820264,-19.75724],[-47.819911,-19.757253],[-47.819563,-19.757281],[-47.819177,-19.757335],[-47.818769,-19.757413],[-47.818385,-19.757512],[-47.81804,-19.757622],[-47.817693,-19.757754],[-47.81741,-19.757873],[-47.817085,-19.758026],[-47.815497,-19.758843],[-47.813275,-19.760001],[-47.812714,-19.760322],[-47.810592,-19.761394],[-47.80843,-19.762548],[-47.80773,-19.762912],[-47.807465,-19.763047],[-47.807274,-19.763131],[-47.807034,-19.763218],[-47.806818,-19.763282],[-47.806586,-19.763328],[-47.806291,-19.763365],[-47.806055,-19.76337],[-47.805761,-19.763359],[-47.80542,-19.763308],[-47.805098,-19.763228],[-47.804786,-19.763139],[-47.804413,-19.763012],[-47.804044,-19.762884],[-47.800956,-19.761812],[-47.800459,-19.761643],[-47.799703,-19.761395],[-47.799531,-19.761339],[-47.798956,-19.761142],[-47.797027,-19.760468],[-47.796015,-19.760119],[-47.79446,-19.759588],[-47.791519,-19.758575],[-47.78991,-19.758015],[-47.78954,-19.757889],[-47.788953,-19.757675],[-47.785581,-19.756551],[-47.781179,-19.755036],[-47.778335,-19.754057],[-47.774499,-19.75274],[-47.772321,-19.752003],[-47.771099,-19.751591],[-47.770962,-19.751542],[-47.770274,-19.751296],[-47.769953,-19.75117],[-47.769692,-19.751059],[-47.769331,-19.750887],[-47.768949,-19.750695],[-47.768631,-19.750514],[-47.768324,-19.75032],[-47.768072,-19.750154],[-47.767832,-19.749987],[-47.764924,-19.747851],[-47.763051,-19.746481],[-47.7596,-19.743915],[-47.759155,-19.743575],[-47.750869,-19.737458],[-47.750444,-19.737189],[-47.750297,-19.737119],[-47.74938,-19.736736],[-47.749343,-19.736722],[-47.749302,-19.736714],[-47.749262,-19.736712],[-47.749216,-19.736715],[-47.749168,-19.736723],[-47.74911,-19.736733],[-47.748935,-19.736826],[-47.748837,-19.736897],[-47.748745,-19.736979],[-47.748669,-19.737065],[-47.748604,-19.73716],[-47.748552,-19.737259],[-47.748518,-19.737352],[-47.748486,-19.73747],[-47.74844,-19.737769],[-47.748414,-19.737885],[-47.748381,-19.737996],[-47.74784,-19.739384],[-47.747757,-19.739582],[-47.747664,-19.739762],[-47.747555,-19.739923],[-47.747431,-19.740051],[-47.747306,-19.740169],[-47.747136,-19.740286],[-47.746955,-19.740387],[-47.746768,-19.740462],[-47.74648,-19.74053],[-47.746072,-19.740615],[-47.745278,-19.740781],[-47.744834,-19.740883],[-47.744597,-19.741008],[-47.7443,-19.741166],[-47.744263,-19.741198],[-47.744218,-19.741222],[-47.744168,-19.741234],[-47.744122,-19.741307],[-47.744081,-19.741342],[-47.744024,-19.741396],[-47.74399,-19.74143],[-47.743927,-19.741508],[-47.743868,-19.741603],[-47.743821,-19.741694],[-47.743803,-19.741732],[-47.743785,-19.741766],[-47.743823,-19.741794],[-47.744716,-19.742359],[-47.744736,-19.742379],[-47.744757,-19.742404],[-47.744762,-19.742463],[-47.744749,-19.742509],[-47.744152,-19.743623],[-47.743487,-19.743373],[-47.74329,-19.743658],[-47.74322,-19.743725],[-47.743084,-19.743834],[-47.742996,-19.743923],[-47.742933,-19.744003],[-47.742839,-19.744116],[-47.742637,-19.744407],[-47.742578,-19.744493],[-47.742396,-19.744701],[-47.741818,-19.744423],[-47.742362,-19.743381],[-47.742519,-19.743064],[-47.742659,-19.742786],[-47.743085,-19.74173],[-47.743355,-19.741138],[-47.743413,-19.741052],[-47.743479,-19.741001],[-47.743545,-19.740953],[-47.743634,-19.740913],[-47.743775,-19.740883],[-47.744069,-19.740848],[-47.744126,-19.740837],[-47.744183,-19.740841],[-47.744237,-19.74086],[-47.744403,-19.740881],[-47.744611,-19.740902],[-47.744834,-19.740883],[-47.745278,-19.740781],[-47.746072,-19.740615],[-47.74648,-19.74053],[-47.746768,-19.740462],[-47.746955,-19.740387],[-47.747136,-19.740286],[-47.747306,-19.740169],[-47.747431,-19.740051],[-47.747555,-19.739923],[-47.747664,-19.739762],[-47.747757,-19.739582],[-47.74784,-19.739384],[-47.748381,-19.737996],[-47.748414,-19.737885],[-47.74844,-19.737769],[-47.748486,-19.73747],[-47.748518,-19.737352],[-47.748552,-19.737259],[-47.748604,-19.73716],[-47.748669,-19.737065],[-47.748745,-19.736979],[-47.748837,-19.736897],[-47.748935,-19.736826],[-47.74911,-19.736733],[-47.749161,-19.736696],[-47.749189,-19.736659],[-47.749205,-19.736619],[-47.74921,-19.736581],[-47.7492,-19.736534],[-47.749175,-19.73649],[-47.749132,-19.736441],[-47.748728,-19.736042],[-47.748582,-19.735885],[-47.748404,-19.735703],[-47.748132,-19.735437],[-47.747552,-19.735013],[-47.746717,-19.734389],[-47.743737,-19.73216],[-47.743371,-19.731886],[-47.742696,-19.731395],[-47.742014,-19.731025],[-47.741214,-19.730773],[-47.740954,-19.730684],[-47.740691,-19.730615],[-47.739646,-19.730475],[-47.734336,-19.730114],[-47.732683,-19.729993],[-47.728281,-19.729668],[-47.727894,-19.729639],[-47.720873,-19.72907],[-47.720212,-19.72887],[-47.719627,-19.728631],[-47.718839,-19.728208],[-47.711006,-19.721358],[-47.710413,-19.72084],[-47.710008,-19.720241],[-47.709683,-19.71944],[-47.709484,-19.715904],[-47.709372,-19.715269],[-47.709251,-19.71492],[-47.709216,-19.714827],[-47.708818,-19.714202],[-47.708352,-19.713683],[-47.70811,-19.713442],[-47.700272,-19.706524],[-47.699352,-19.705972],[-47.698532,-19.705644],[-47.69762,-19.705446],[-47.69279,-19.705032],[-47.691909,-19.70488],[-47.691199,-19.704592],[-47.690511,-19.704089],[-47.690006,-19.703453],[-47.687422,-19.697833],[-47.684062,-19.689937],[-47.683825,-19.68939],[-47.683542,-19.688862],[-47.683181,-19.688292],[-47.682889,-19.687907],[-47.682606,-19.687599],[-47.682137,-19.68718],[-47.681736,-19.686891],[-47.681156,-19.686539],[-47.68051,-19.68625],[-47.679896,-19.686058],[-47.678045,-19.685626],[-47.677066,-19.685411],[-47.676413,-19.685269],[-47.675332,-19.685034],[-47.674798,-19.684913],[-47.673222,-19.684556],[-47.670206,-19.683844],[-47.668964,-19.683569],[-47.668199,-19.683388],[-47.667601,-19.683258],[-47.6668,-19.683084],[-47.662331,-19.682041],[-47.660153,-19.681498],[-47.657391,-19.680705],[-47.65407,-19.679783],[-47.652143,-19.679236],[-47.649628,-19.67853],[-47.647579,-19.677953],[-47.645942,-19.67748],[-47.636471,-19.674804],[-47.635088,-19.674415],[-47.631192,-19.673319],[-47.628596,-19.672576],[-47.626074,-19.671873],[-47.625747,-19.671788],[-47.625703,-19.67178],[-47.6256,-19.671772],[-47.625443,-19.671745],[-47.625097,-19.671691],[-47.625012,-19.671681],[-47.624894,-19.671671],[-47.624679,-19.671662],[-47.624523,-19.671649],[-47.624373,-19.671628],[-47.62408,-19.671571],[-47.623919,-19.671526],[-47.62351,-19.671418],[-47.62265,-19.671197],[-47.621798,-19.671009],[-47.62164,-19.670977],[-47.621507,-19.670939],[-47.621127,-19.670804],[-47.621014,-19.670756],[-47.620871,-19.670702],[-47.620578,-19.670607],[-47.620461,-19.670563],[-47.620366,-19.670522],[-47.619264,-19.670261],[-47.61675,-19.669684],[-47.615595,-19.669391],[-47.612393,-19.668648],[-47.608222,-19.667656],[-47.607839,-19.66756],[-47.607267,-19.667406],[-47.606883,-19.667325],[-47.606277,-19.667189],[-47.60487,-19.666867],[-47.602938,-19.666406],[-47.601402,-19.666061],[-47.599193,-19.665529],[-47.597015,-19.665026],[-47.596035,-19.664788],[-47.592303,-19.663908],[-47.588827,-19.663101],[-47.584164,-19.662017],[-47.58036,-19.66102],[-47.576341,-19.659862],[-47.574697,-19.659396],[-47.573315,-19.659017],[-47.571914,-19.658614],[-47.570757,-19.658283],[-47.569422,-19.657908],[-47.568355,-19.65761],[-47.567215,-19.657281],[-47.566355,-19.657026],[-47.565569,-19.656822],[-47.563979,-19.656339],[-47.563183,-19.656132],[-47.562423,-19.655909],[-47.561075,-19.655523],[-47.559419,-19.65505],[-47.557944,-19.654635],[-47.556464,-19.654201],[-47.555605,-19.653966],[-47.555463,-19.653927],[-47.554917,-19.653769],[-47.553881,-19.653468],[-47.552742,-19.653153],[-47.551663,-19.652845],[-47.550218,-19.652425],[-47.548799,-19.652021],[-47.545301,-19.651042],[-47.543324,-19.650474],[-47.541706,-19.649988],[-47.539693,-19.649429],[-47.538408,-19.649093],[-47.537364,-19.648841],[-47.533639,-19.648001],[-47.531633,-19.647551],[-47.523871,-19.645813],[-47.516206,-19.644037],[-47.514267,-19.643639],[-47.511848,-19.643058],[-47.51163,-19.643005],[-47.511222,-19.642967],[-47.511057,-19.642987],[-47.510909,-19.643013],[-47.510804,-19.643079],[-47.510693,-19.643105],[-47.510578,-19.643093],[-47.510474,-19.643047],[-47.510393,-19.64297],[-47.510337,-19.642845],[-47.510223,-19.642759],[-47.509998,-19.642641],[-47.509862,-19.642572],[-47.509599,-19.642488],[-47.509194,-19.642338],[-47.508187,-19.641973],[-47.506941,-19.641285],[-47.506236,-19.640766],[-47.505488,-19.640125],[-47.501609,-19.636238],[-47.50147,-19.636093],[-47.501368,-19.636011],[-47.50103,-19.635667],[-47.500432,-19.635081],[-47.500071,-19.634717],[-47.499116,-19.633684],[-47.498737,-19.633305],[-47.497677,-19.632287],[-47.49689,-19.631506],[-47.49629,-19.630899],[-47.495614,-19.630227],[-47.495294,-19.629917],[-47.494893,-19.62953],[-47.493925,-19.628564],[-47.49349,-19.628125],[-47.493254,-19.62789],[-47.492854,-19.627534],[-47.492596,-19.627304],[-47.492051,-19.626887],[-47.491666,-19.626634],[-47.491308,-19.626408],[-47.490905,-19.626166],[-47.490512,-19.625952],[-47.48583,-19.623632],[-47.484675,-19.623059],[-47.484238,-19.62286],[-47.482755,-19.622137],[-47.482138,-19.621849],[-47.48008,-19.620806],[-47.479159,-19.62037],[-47.47877,-19.620198],[-47.478385,-19.620052],[-47.477837,-19.619877],[-47.477361,-19.619752],[-47.476717,-19.619607],[-47.476198,-19.61951],[-47.475414,-19.619378],[-47.474528,-19.619229],[-47.474082,-19.619166],[-47.473404,-19.619068],[-47.472036,-19.618841],[-47.469569,-19.618431],[-47.469108,-19.618323],[-47.468976,-19.618292],[-47.468606,-19.618181],[-47.468157,-19.617998],[-47.467788,-19.617833],[-47.467088,-19.617458],[-47.466618,-19.61717],[-47.463301,-19.614507],[-47.46324,-19.61446],[-47.462448,-19.613843],[-47.461809,-19.613492],[-47.461353,-19.613277],[-47.46072,-19.613065],[-47.459991,-19.612938],[-47.459092,-19.612883],[-47.456678,-19.613034],[-47.454798,-19.613105],[-47.454025,-19.613094],[-47.453489,-19.613044],[-47.452955,-19.612945],[-47.45213,-19.612746],[-47.450981,-19.61247],[-47.444927,-19.611147],[-47.44442,-19.611025],[-47.442945,-19.610672],[-47.442167,-19.610586],[-47.441626,-19.610573],[-47.441207,-19.610591],[-47.440746,-19.610662],[-47.440048,-19.61082],[-47.438024,-19.611446],[-47.437557,-19.611551],[-47.43717,-19.611604],[-47.436723,-19.611612],[-47.436428,-19.611581],[-47.43609,-19.611523],[-47.434563,-19.611138],[-47.432042,-19.610503],[-47.431364,-19.610389],[-47.430731,-19.610328],[-47.429687,-19.610283],[-47.419956,-19.610415],[-47.41863,-19.610433],[-47.418127,-19.61045],[-47.416865,-19.610572],[-47.41356,-19.610895],[-47.412741,-19.61097],[-47.411908,-19.611058],[-47.410273,-19.611225],[-47.408651,-19.611394],[-47.407838,-19.611487],[-47.40701,-19.611564],[-47.406379,-19.61161],[-47.405872,-19.611647],[-47.405601,-19.611672],[-47.405307,-19.611709],[-47.403688,-19.611881],[-47.397063,-19.61253],[-47.396437,-19.612586],[-47.39626,-19.612602],[-47.395827,-19.612643],[-47.395398,-19.612684],[-47.393737,-19.612854],[-47.39045,-19.613185],[-47.38926,-19.613307],[-47.388663,-19.613369],[-47.38805,-19.613427],[-47.386832,-19.613545],[-47.385632,-19.613666],[-47.380804,-19.614157],[-47.380609,-19.614175],[-47.379617,-19.614263],[-47.378403,-19.614376],[-47.375954,-19.614644],[-47.373566,-19.614884],[-47.37116,-19.615132],[-47.371026,-19.615142],[-47.368066,-19.615425],[-47.367967,-19.615432],[-47.365433,-19.615692],[-47.360411,-19.616175],[-47.349817,-19.617248],[-47.349258,-19.617347],[-47.348143,-19.617501],[-47.3472,-19.617628],[-47.34661,-19.617689],[-47.346529,-19.617697],[-47.346449,-19.617704],[-47.345771,-19.617766],[-47.344414,-19.617868],[-47.344103,-19.617885],[-47.34371,-19.61787],[-47.34343,-19.617885],[-47.343175,-19.6179],[-47.342612,-19.617953],[-47.341422,-19.618082],[-47.341195,-19.618113],[-47.336993,-19.618521],[-47.327711,-19.61943],[-47.322943,-19.619922],[-47.310148,-19.621195],[-47.304126,-19.621789],[-47.30208,-19.621993],[-47.301435,-19.622063],[-47.299706,-19.622232],[-47.297629,-19.622434],[-47.296908,-19.622515],[-47.296536,-19.622561],[-47.296112,-19.622598],[-47.295713,-19.622622],[-47.295217,-19.622686],[-47.294806,-19.622737],[-47.294254,-19.622788],[-47.293924,-19.622816],[-47.293432,-19.622847],[-47.293039,-19.622851],[-47.29262,-19.622827],[-47.292228,-19.622776],[-47.291744,-19.62267],[-47.291378,-19.622564],[-47.291016,-19.622454],[-47.290563,-19.622322],[-47.290105,-19.62219],[-47.289654,-19.622075],[-47.28929,-19.621998],[-47.288962,-19.621955],[-47.288571,-19.621926],[-47.288154,-19.621935],[-47.287725,-19.621971],[-47.287316,-19.622019],[-47.286876,-19.622103],[-47.286436,-19.622208],[-47.285693,-19.622414],[-47.284322,-19.622803],[-47.283625,-19.622998],[-47.282634,-19.623276],[-47.282097,-19.623409],[-47.2818,-19.623457],[-47.281518,-19.623488],[-47.28124,-19.623499],[-47.280935,-19.623492],[-47.280609,-19.623456],[-47.280242,-19.623363],[-47.279909,-19.623235],[-47.27964,-19.623101],[-47.279339,-19.622895],[-47.278739,-19.62244],[-47.278347,-19.622149],[-47.278126,-19.622016],[-47.277878,-19.621903],[-47.277548,-19.621786],[-47.277242,-19.621716],[-47.276976,-19.621688],[-47.276668,-19.621689],[-47.276256,-19.621753],[-47.275958,-19.621813],[-47.275463,-19.621916],[-47.274901,-19.622013],[-47.274083,-19.622186],[-47.272086,-19.622587],[-47.271378,-19.622706],[-47.269121,-19.623169],[-47.268245,-19.623355],[-47.267835,-19.623431],[-47.267566,-19.623503],[-47.267312,-19.623585],[-47.266753,-19.623797],[-47.265427,-19.624433],[-47.264945,-19.62464],[-47.264299,-19.62489],[-47.263941,-19.625],[-47.263562,-19.625074],[-47.263129,-19.625131],[-47.262724,-19.625149],[-47.262602,-19.625148],[-47.262113,-19.625132],[-47.2614,-19.625139],[-47.260784,-19.625145],[-47.260286,-19.625121],[-47.259864,-19.625106],[-47.25952,-19.62508],[-47.258988,-19.624986],[-47.258555,-19.624892],[-47.2581,-19.624781],[-47.257686,-19.624661],[-47.257267,-19.62452],[-47.256722,-19.624306],[-47.255377,-19.623742],[-47.254964,-19.623573],[-47.254431,-19.623374],[-47.25405,-19.623232],[-47.253463,-19.622993],[-47.253045,-19.622845],[-47.252671,-19.62274],[-47.252352,-19.62267],[-47.252101,-19.622638],[-47.251837,-19.622619],[-47.251448,-19.62262],[-47.251055,-19.62266],[-47.250542,-19.622756],[-47.250003,-19.62286],[-47.249458,-19.622972],[-47.248773,-19.62309],[-47.248163,-19.623199],[-47.246765,-19.623467],[-47.246138,-19.623563],[-47.245446,-19.623679],[-47.244945,-19.623755],[-47.244384,-19.623821],[-47.244114,-19.62384],[-47.243713,-19.623855],[-47.243302,-19.623831],[-47.242964,-19.623786],[-47.24249,-19.623694],[-47.241975,-19.623541],[-47.241471,-19.623344],[-47.240673,-19.622965],[-47.240091,-19.622676],[-47.239825,-19.622544],[-47.239274,-19.62227],[-47.238588,-19.621917],[-47.238354,-19.621802],[-47.237744,-19.621502],[-47.237307,-19.621299],[-47.237232,-19.62126],[-47.236987,-19.621132],[-47.236257,-19.620746],[-47.235919,-19.620562],[-47.235548,-19.620389],[-47.235214,-19.620264],[-47.234795,-19.620126],[-47.234178,-19.619934],[-47.233015,-19.619611],[-47.232125,-19.619368],[-47.231508,-19.619193],[-47.231119,-19.619073],[-47.23074,-19.618948],[-47.230597,-19.618891],[-47.230286,-19.618787],[-47.229824,-19.618651],[-47.22915,-19.618437],[-47.228881,-19.618346],[-47.228369,-19.618202],[-47.227901,-19.618092],[-47.22752,-19.617999],[-47.226948,-19.617837],[-47.226645,-19.617744],[-47.226368,-19.617676],[-47.226046,-19.617622],[-47.225797,-19.61761],[-47.225517,-19.617598],[-47.225294,-19.61761],[-47.224945,-19.617633],[-47.224678,-19.617669],[-47.224155,-19.617794],[-47.223601,-19.617919],[-47.222955,-19.618092],[-47.222232,-19.618239],[-47.222088,-19.618264],[-47.221774,-19.618339],[-47.221148,-19.618492],[-47.220527,-19.618622],[-47.220054,-19.618738],[-47.219503,-19.618844],[-47.219237,-19.618882],[-47.21887,-19.618916],[-47.218506,-19.618925],[-47.218061,-19.618911],[-47.217622,-19.618862],[-47.217219,-19.618805],[-47.216629,-19.618695],[-47.216237,-19.618633],[-47.215778,-19.618588],[-47.215391,-19.618544],[-47.215063,-19.618498],[-47.214852,-19.618455],[-47.214575,-19.618391],[-47.214275,-19.618303],[-47.21392,-19.618177],[-47.213736,-19.618103],[-47.213048,-19.617783],[-47.212809,-19.617667],[-47.212458,-19.617504],[-47.211658,-19.617164],[-47.210632,-19.616705],[-47.209793,-19.616331],[-47.208623,-19.615807],[-47.208007,-19.615514],[-47.207686,-19.615384],[-47.207478,-19.615285],[-47.207042,-19.615087],[-47.206448,-19.614818],[-47.205973,-19.614602],[-47.205319,-19.614299],[-47.205,-19.61416],[-47.20465,-19.613999],[-47.204278,-19.613833],[-47.203852,-19.613668],[-47.203534,-19.613562],[-47.203245,-19.613473],[-47.203136,-19.61344],[-47.20263,-19.613326],[-47.202116,-19.61323],[-47.201494,-19.613113],[-47.201268,-19.613072],[-47.200817,-19.61299],[-47.199898,-19.612832],[-47.198595,-19.612634],[-47.197557,-19.612466],[-47.197177,-19.612405],[-47.196548,-19.612291],[-47.195686,-19.61215],[-47.194575,-19.611968],[-47.193788,-19.611844],[-47.192269,-19.611617],[-47.191396,-19.611473],[-47.190307,-19.611281],[-47.189544,-19.611142],[-47.188553,-19.610983],[-47.188151,-19.610925],[-47.188007,-19.610912],[-47.187757,-19.610897],[-47.187567,-19.610892],[-47.187316,-19.61088],[-47.187124,-19.610869],[-47.186376,-19.610868],[-47.186043,-19.610883],[-47.185528,-19.610916],[-47.185227,-19.610944],[-47.184921,-19.610989],[-47.184503,-19.611062],[-47.184041,-19.611138],[-47.183117,-19.611287],[-47.182722,-19.611325],[-47.182566,-19.611343],[-47.182252,-19.611385],[-47.181929,-19.611426],[-47.181528,-19.61148],[-47.181092,-19.611546],[-47.180635,-19.611624],[-47.180094,-19.611722],[-47.179939,-19.611744],[-47.179187,-19.611832],[-47.178954,-19.61186],[-47.178576,-19.611887],[-47.177845,-19.611992],[-47.177598,-19.61203],[-47.177077,-19.612107],[-47.176797,-19.612144],[-47.176312,-19.612205],[-47.176033,-19.612241],[-47.17564,-19.612298],[-47.17527,-19.61235],[-47.174303,-19.612498],[-47.17388,-19.612557],[-47.173295,-19.612638],[-47.172721,-19.612717],[-47.172431,-19.612758],[-47.171846,-19.612851],[-47.171339,-19.612932],[-47.170714,-19.613034],[-47.170284,-19.613085],[-47.16999,-19.61312],[-47.169542,-19.613174],[-47.169276,-19.613203],[-47.168986,-19.613242],[-47.168748,-19.613273],[-47.168461,-19.61331],[-47.168187,-19.613332],[-47.167986,-19.613346],[-47.167752,-19.613355],[-47.167556,-19.613359],[-47.167333,-19.613354],[-47.167125,-19.61334],[-47.166841,-19.61331],[-47.166594,-19.613282],[-47.16641,-19.613254],[-47.166096,-19.61319],[-47.165707,-19.613092],[-47.165113,-19.612934],[-47.164819,-19.612842],[-47.164523,-19.612732],[-47.164217,-19.612602],[-47.163942,-19.612465],[-47.163767,-19.612379],[-47.163403,-19.61217],[-47.163181,-19.612023],[-47.162937,-19.611853],[-47.162625,-19.611615],[-47.162449,-19.611473],[-47.162315,-19.611359],[-47.162015,-19.611103],[-47.16164,-19.610789],[-47.161404,-19.610606],[-47.161115,-19.610384],[-47.160846,-19.61017],[-47.160491,-19.609875],[-47.160186,-19.609623],[-47.159972,-19.609452],[-47.159797,-19.609308],[-47.159715,-19.609241],[-47.159503,-19.609075],[-47.158558,-19.60833],[-47.15685,-19.606941],[-47.156247,-19.606449],[-47.156,-19.606255],[-47.155616,-19.605933],[-47.155346,-19.605712],[-47.155249,-19.605628],[-47.155119,-19.605513],[-47.154982,-19.605381],[-47.154699,-19.605078],[-47.154648,-19.605013],[-47.154491,-19.604802],[-47.154305,-19.60456],[-47.154151,-19.60434],[-47.153954,-19.60406],[-47.153811,-19.603843],[-47.153351,-19.603143],[-47.153173,-19.602871],[-47.153025,-19.602652],[-47.152679,-19.602162],[-47.1526,-19.602044],[-47.152451,-19.601817],[-47.152306,-19.601588],[-47.152217,-19.601451],[-47.151955,-19.601075],[-47.151807,-19.60086],[-47.151724,-19.600734],[-47.151654,-19.600627],[-47.151519,-19.600433],[-47.151322,-19.600164],[-47.151051,-19.599777],[-47.150934,-19.5996],[-47.150767,-19.599375],[-47.150647,-19.599213],[-47.15048,-19.599016],[-47.150346,-19.598866],[-47.150241,-19.59875],[-47.150127,-19.598645],[-47.149913,-19.598453],[-47.149743,-19.598316],[-47.149577,-19.598189],[-47.149264,-19.597963],[-47.149069,-19.597834],[-47.148901,-19.597736],[-47.148686,-19.597623],[-47.148573,-19.597569],[-47.148423,-19.597504],[-47.148296,-19.59746],[-47.148094,-19.597391],[-47.147981,-19.597358],[-47.147557,-19.597215],[-47.147322,-19.597151],[-47.147074,-19.59709],[-47.146705,-19.597012],[-47.146298,-19.596929],[-47.145926,-19.596848],[-47.145439,-19.596726],[-47.145082,-19.596636],[-47.144785,-19.596568],[-47.144482,-19.596503],[-47.144121,-19.596428],[-47.143709,-19.596334],[-47.14349,-19.596283],[-47.142728,-19.596082],[-47.142435,-19.596007],[-47.142128,-19.595937],[-47.141802,-19.59588],[-47.14134,-19.595791],[-47.141116,-19.595747],[-47.14074,-19.595664],[-47.140255,-19.595549],[-47.140021,-19.595489],[-47.139705,-19.59542],[-47.139343,-19.595337],[-47.138965,-19.595247],[-47.138637,-19.59515],[-47.138337,-19.595076],[-47.135725,-19.594478],[-47.135371,-19.594403],[-47.1349,-19.594292],[-47.1332,-19.593909],[-47.132466,-19.593721],[-47.13213,-19.593629],[-47.131675,-19.593548],[-47.131374,-19.593494],[-47.131059,-19.593429],[-47.130807,-19.593362],[-47.130637,-19.593311],[-47.128912,-19.592914],[-47.126186,-19.592295],[-47.125975,-19.592243],[-47.120946,-19.59111],[-47.117748,-19.590379],[-47.117304,-19.590283],[-47.116925,-19.590245],[-47.116557,-19.59022],[-47.115901,-19.590225],[-47.11537,-19.590278],[-47.114683,-19.590425],[-47.113407,-19.590879],[-47.108294,-19.592694],[-47.10799,-19.592781],[-47.107603,-19.59287],[-47.107272,-19.592923],[-47.106844,-19.592952],[-47.101334,-19.592906],[-47.100635,-19.592894],[-47.095302,-19.592835],[-47.090557,-19.592779],[-47.08776,-19.592761],[-47.087424,-19.592737],[-47.087013,-19.592675],[-47.086661,-19.592587],[-47.086206,-19.592452],[-47.081349,-19.590791],[-47.079171,-19.590008],[-47.078216,-19.589662],[-47.077408,-19.589358],[-47.0768,-19.589068],[-47.07381,-19.587505],[-47.072483,-19.586801],[-47.071547,-19.586294],[-47.071217,-19.586123],[-47.070468,-19.585711],[-47.068803,-19.584814],[-47.067535,-19.584186],[-47.067158,-19.583986],[-47.064537,-19.582553],[-47.059792,-19.580036],[-47.059094,-19.579648],[-47.058657,-19.579387],[-47.058353,-19.579155],[-47.057937,-19.57881],[-47.057696,-19.578575],[-47.057513,-19.578368],[-47.057157,-19.577876],[-47.05607,-19.576406],[-47.0559,-19.576199],[-47.055709,-19.576005],[-47.055333,-19.575712],[-47.055083,-19.575561],[-47.054799,-19.575422],[-47.05446,-19.57531],[-47.054101,-19.575247],[-47.053206,-19.575195],[-47.051911,-19.575085],[-47.051305,-19.575037],[-47.050722,-19.574965],[-47.050275,-19.574854],[-47.050006,-19.574767],[-47.049599,-19.574596],[-47.049188,-19.574369],[-47.048927,-19.574188],[-47.048689,-19.573991],[-47.048486,-19.573793],[-47.04829,-19.573585],[-47.047866,-19.572965],[-47.046919,-19.571426],[-47.046875,-19.571355],[-47.046403,-19.570588],[-47.046157,-19.570227],[-47.045815,-19.569822],[-47.045412,-19.569432],[-47.044541,-19.568705],[-47.043485,-19.567884],[-47.043083,-19.56763],[-47.04287,-19.567526],[-47.042651,-19.567448],[-47.042432,-19.567393],[-47.042241,-19.567368],[-47.04196,-19.567356],[-47.041581,-19.567394],[-47.041278,-19.567475],[-47.040867,-19.567644],[-47.038425,-19.569096],[-47.037401,-19.56972],[-47.036961,-19.56992],[-47.036534,-19.570054],[-47.036057,-19.570142],[-47.035579,-19.570195],[-47.035102,-19.570218],[-47.032854,-19.570256],[-47.030768,-19.570255],[-47.030674,-19.570255],[-47.028339,-19.570255],[-47.027793,-19.570233],[-47.027468,-19.570202],[-47.027219,-19.57014],[-47.026838,-19.570016],[-47.026506,-19.569868],[-47.026197,-19.569702],[-47.024172,-19.568437],[-47.023646,-19.568186],[-47.023003,-19.567969],[-47.022469,-19.567865],[-47.021942,-19.567817],[-47.02149,-19.567815],[-47.021036,-19.567836],[-47.020476,-19.567928],[-47.019717,-19.568189],[-47.017686,-19.569106],[-47.015088,-19.570197],[-47.014518,-19.570366],[-47.013955,-19.570479],[-47.013463,-19.570524],[-47.0129,-19.570535],[-47.012327,-19.570503],[-47.008524,-19.569964],[-47.007815,-19.569961],[-47.00718,-19.570001],[-47.00643,-19.570141],[-47.005473,-19.570413],[-47.004751,-19.570759],[-47.004659,-19.570803],[-47.000096,-19.573554],[-46.999557,-19.573787],[-46.999011,-19.573945],[-46.998472,-19.574007],[-46.997987,-19.573996],[-46.997691,-19.573963],[-46.997331,-19.573886],[-46.996801,-19.57368],[-46.996031,-19.573252],[-46.992367,-19.571032],[-46.991879,-19.570733],[-46.991613,-19.570593],[-46.991299,-19.570429],[-46.990694,-19.570171],[-46.990183,-19.569957],[-46.981562,-19.566286],[-46.979342,-19.565338],[-46.978261,-19.56481],[-46.977308,-19.564216],[-46.97548,-19.562769],[-46.975291,-19.562642],[-46.975128,-19.562564],[-46.975007,-19.562531],[-46.974794,-19.562519],[-46.974704,-19.562519],[-46.974615,-19.562502],[-46.974532,-19.562467],[-46.974459,-19.562418],[-46.974398,-19.562355],[-46.974245,-19.562285],[-46.974176,-19.56226],[-46.974109,-19.56225],[-46.974009,-19.562244],[-46.973852,-19.56225],[-46.973227,-19.562324],[-46.972873,-19.562377],[-46.97141,-19.562611],[-46.967719,-19.563212],[-46.966242,-19.56342],[-46.965546,-19.563518],[-46.9655,-19.563523],[-46.965075,-19.563584],[-46.962939,-19.563888],[-46.962138,-19.564029],[-46.961835,-19.564083],[-46.961604,-19.564144],[-46.961369,-19.564246],[-46.961002,-19.564481],[-46.960767,-19.564676],[-46.960602,-19.56481],[-46.960286,-19.56507],[-46.9598,-19.565518],[-46.959466,-19.565817],[-46.959378,-19.565917],[-46.959281,-19.566021],[-46.958702,-19.566877],[-46.958536,-19.567131],[-46.958326,-19.567472],[-46.957266,-19.569104],[-46.956278,-19.570617],[-46.956237,-19.570779],[-46.956269,-19.570812],[-46.956294,-19.57085],[-46.956315,-19.570921],[-46.95631,-19.570995],[-46.956279,-19.571063],[-46.956226,-19.571117],[-46.956156,-19.571152],[-46.956078,-19.571162],[-46.956001,-19.571148],[-46.955911,-19.571219],[-46.955824,-19.571318],[-46.955157,-19.572437],[-46.955117,-19.572505],[-46.954764,-19.573193],[-46.954433,-19.573806],[-46.954375,-19.573932],[-46.954351,-19.574021],[-46.954321,-19.574165],[-46.954317,-19.574227],[-46.954316,-19.574308],[-46.95433,-19.574447],[-46.954339,-19.574477],[-46.954348,-19.574508],[-46.954349,-19.574571],[-46.954331,-19.574632],[-46.954298,-19.574686],[-46.954236,-19.57474],[-46.954159,-19.574771],[-46.954075,-19.574777],[-46.953994,-19.574756],[-46.95389,-19.574815],[-46.953825,-19.57486],[-46.95363,-19.575071],[-46.953464,-19.57535],[-46.953193,-19.575796],[-46.953128,-19.575912],[-46.952833,-19.576402],[-46.952718,-19.576596],[-46.952583,-19.576802],[-46.952197,-19.577375],[-46.951924,-19.577722],[-46.951753,-19.577882],[-46.951685,-19.577934],[-46.951588,-19.578136],[-46.951574,-19.578226],[-46.951567,-19.578319],[-46.951544,-19.57837],[-46.951492,-19.578406],[-46.951416,-19.578427],[-46.951335,-19.578428],[-46.951211,-19.578464],[-46.950996,-19.578652],[-46.950447,-19.579254],[-46.95005,-19.579663],[-46.949554,-19.580235],[-46.948984,-19.580876],[-46.948801,-19.581038],[-46.948658,-19.581218],[-46.948299,-19.582052],[-46.948029,-19.582591],[-46.947936,-19.582725],[-46.947902,-19.582787],[-46.947746,-19.582969],[-46.947635,-19.583075],[-46.947515,-19.583179],[-46.947283,-19.583356],[-46.946991,-19.58358],[-46.946406,-19.584027],[-46.946162,-19.584211],[-46.946038,-19.584298],[-46.945363,-19.584807],[-46.945215,-19.584904],[-46.945169,-19.584935],[-46.945032,-19.585111],[-46.94499,-19.58513],[-46.945007,-19.585187],[-46.945005,-19.585246],[-46.944984,-19.585301],[-46.944945,-19.585348],[-46.944891,-19.585382],[-46.94483,-19.585398],[-46.944766,-19.585394],[-46.944643,-19.585411],[-46.944572,-19.585424],[-46.944504,-19.585464],[-46.943857,-19.585959],[-46.943792,-19.586021],[-46.943251,-19.586428],[-46.942244,-19.587194],[-46.941852,-19.58751],[-46.941506,-19.587784],[-46.941413,-19.587881],[-46.941353,-19.587981],[-46.940804,-19.588411],[-46.940734,-19.588435],[-46.94066,-19.588448],[-46.940543,-19.588459],[-46.940341,-19.58854],[-46.940248,-19.588607],[-46.940065,-19.588737],[-46.939721,-19.588988],[-46.939512,-19.589131],[-46.938647,-19.589722],[-46.938751,-19.589851],[-46.938995,-19.59017],[-46.939151,-19.590373],[-46.939253,-19.590548],[-46.939574,-19.590967],[-46.939754,-19.591189],[-46.940022,-19.591549],[-46.940152,-19.591708],[-46.940186,-19.591752],[-46.940347,-19.591926],[-46.94054,-19.592161],[-46.940593,-19.592124],[-46.940682,-19.592113],[-46.940737,-19.592122],[-46.940773,-19.59215],[-46.940898,-19.592304],[-46.941027,-19.59245],[-46.941385,-19.592805],[-46.941444,-19.592859],[-46.941448,-19.592912],[-46.94145,-19.592969],[-46.941445,-19.593022],[-46.941392,-19.593097],[-46.941236,-19.593208],[-46.941151,-19.593269],[-46.941039,-19.593384],[-46.941004,-19.593448],[-46.940993,-19.59359],[-46.940972,-19.593815],[-46.940967,-19.593862],[-46.940881,-19.594651],[-46.940827,-19.595184],[-46.940818,-19.595262],[-46.940845,-19.595284],[-46.940864,-19.595313],[-46.940877,-19.595371],[-46.940872,-19.595397],[-46.941189,-19.595547],[-46.941454,-19.595681],[-46.941508,-19.595724],[-46.941654,-19.595975],[-46.941748,-19.596134],[-46.941829,-19.596322],[-46.941863,-19.596471],[-46.941869,-19.596706],[-46.94185,-19.596938],[-46.941816,-19.597402],[-46.941804,-19.597666],[-46.941834,-19.597832],[-46.94188,-19.597981],[-46.941963,-19.598171],[-46.942082,-19.598448],[-46.942352,-19.599007],[-46.94253,-19.599277],[-46.942689,-19.599534],[-46.942781,-19.599663],[-46.942912,-19.599978],[-46.942968,-19.600287],[-46.942976,-19.600429],[-46.942979,-19.600568],[-46.942959,-19.600844],[-46.942901,-19.600989],[-46.942846,-19.60113],[-46.942742,-19.601317],[-46.942593,-19.601556],[-46.942587,-19.601566],[-46.942023,-19.601517],[-46.941459,-19.601468],[-46.941185,-19.601445],[-46.940879,-19.601421],[-46.940226,-19.601371],[-46.940205,-19.601829],[-46.940184,-19.601869],[-46.940195,-19.601896],[-46.940198,-19.601926],[-46.94019,-19.601955],[-46.940173,-19.601981],[-46.940149,-19.602],[-46.940119,-19.602011],[-46.940088,-19.602013],[-46.940057,-19.602006],[-46.94003,-19.60199],[-46.940008,-19.601964],[-46.939996,-19.601933],[-46.939997,-19.6019],[-46.939596,-19.601431],[-46.939369,-19.601132],[-46.938839,-19.600435],[-46.938724,-19.600285],[-46.938533,-19.600048],[-46.937941,-19.599313],[-46.937907,-19.599273],[-46.937817,-19.599142],[-46.937716,-19.598998],[-46.937089,-19.598224],[-46.936973,-19.598069],[-46.93661,-19.59758],[-46.936557,-19.59752],[-46.936462,-19.597413],[-46.936315,-19.597214],[-46.936265,-19.59715],[-46.936217,-19.597086],[-46.936184,-19.597043],[-46.935571,-19.596241],[-46.935265,-19.59585],[-46.934918,-19.595396],[-46.934329,-19.594662],[-46.93429,-19.594613],[-46.934233,-19.594537],[-46.933973,-19.594187],[-46.933925,-19.594123],[-46.933853,-19.594031],[-46.933704,-19.59384],[-46.933681,-19.593811],[-46.933678,-19.59375],[-46.933636,-19.593682],[-46.933609,-19.593642],[-46.933393,-19.593329],[-46.933135,-19.592981],[-46.932987,-19.59274],[-46.932812,-19.592413],[-46.932682,-19.592103],[-46.932633,-19.591965],[-46.932632,-19.59196],[-46.932522,-19.591688],[-46.932346,-19.591236],[-46.932245,-19.590895],[-46.932049,-19.590219],[-46.931577,-19.588417],[-46.931427,-19.587902],[-46.931266,-19.587402],[-46.931121,-19.58704],[-46.930879,-19.586555],[-46.930604,-19.586099],[-46.930526,-19.586029],[-46.930488,-19.586002],[-46.93044,-19.585968],[-46.930352,-19.585895],[-46.930275,-19.585873],[-46.930223,-19.585838],[-46.930189,-19.585813],[-46.930164,-19.585781],[-46.93015,-19.585743],[-46.930115,-19.585671],[-46.930048,-19.585587],[-46.929965,-19.585517],[-46.929884,-19.585478],[-46.929766,-19.585426],[-46.929725,-19.585413],[-46.929698,-19.585401],[-46.929652,-19.585374],[-46.92962,-19.585334],[-46.929605,-19.585286],[-46.929609,-19.585236],[-46.929572,-19.585159],[-46.929524,-19.585087],[-46.929449,-19.585002],[-46.92922,-19.584772],[-46.92887,-19.584476],[-46.928444,-19.584149],[-46.927671,-19.583589],[-46.926938,-19.583072],[-46.926175,-19.582543],[-46.925595,-19.58214],[-46.923822,-19.580914],[-46.923305,-19.580542],[-46.923026,-19.580353],[-46.922224,-19.579904],[-46.921863,-19.579653],[-46.92172,-19.579518],[-46.921574,-19.579339],[-46.921428,-19.579174],[-46.92105,-19.57875],[-46.920859,-19.578519],[-46.920771,-19.578418],[-46.920499,-19.578086],[-46.920308,-19.577572],[-46.920204,-19.577294],[-46.920134,-19.576995],[-46.920018,-19.576665],[-46.919597,-19.575401],[-46.919262,-19.574407],[-46.919162,-19.574178],[-46.91908,-19.574001],[-46.918987,-19.573843],[-46.918895,-19.573757],[-46.918835,-19.573737],[-46.918784,-19.5737],[-46.918734,-19.573623],[-46.918731,-19.573591],[-46.918735,-19.573531],[-46.918759,-19.573475],[-46.918633,-19.573215],[-46.918516,-19.573034],[-46.91831,-19.572739],[-46.917378,-19.57156],[-46.915923,-19.569789],[-46.915523,-19.569301],[-46.915365,-19.569139],[-46.915323,-19.569137],[-46.915268,-19.569119],[-46.915234,-19.569098],[-46.915197,-19.569058],[-46.915174,-19.56901],[-46.915168,-19.568951],[-46.91514,-19.568847],[-46.915114,-19.568764],[-46.915052,-19.56863],[-46.912808,-19.565903],[-46.912159,-19.565075],[-46.912081,-19.564988],[-46.911267,-19.564005],[-46.911008,-19.563655],[-46.9108,-19.563308],[-46.910539,-19.562837],[-46.910343,-19.562369],[-46.90987,-19.560955],[-46.909518,-19.559838],[-46.909333,-19.559204],[-46.909066,-19.558533],[-46.908803,-19.558053],[-46.908494,-19.557643],[-46.908156,-19.557316],[-46.907632,-19.556915],[-46.90725,-19.556696],[-46.906481,-19.556416],[-46.906083,-19.556317],[-46.905777,-19.556277],[-46.903641,-19.556103],[-46.900782,-19.5559],[-46.900273,-19.555832],[-46.899868,-19.555761],[-46.899511,-19.555675],[-46.89843,-19.555357],[-46.897416,-19.555056],[-46.894458,-19.554083],[-46.892745,-19.553561],[-46.892371,-19.553475],[-46.892122,-19.553456],[-46.89186,-19.553486],[-46.891403,-19.553619],[-46.891295,-19.55363],[-46.890756,-19.553892],[-46.890407,-19.553998],[-46.890082,-19.554043],[-46.889915,-19.554082],[-46.88972,-19.554162],[-46.88965,-19.554165],[-46.888697,-19.554592],[-46.888108,-19.554857],[-46.887334,-19.555178],[-46.886683,-19.555349],[-46.885865,-19.555459],[-46.885451,-19.555463],[-46.884793,-19.555391],[-46.884595,-19.555358],[-46.884462,-19.555331],[-46.884065,-19.555239],[-46.883941,-19.555201],[-46.883571,-19.555089],[-46.883373,-19.555018],[-46.883005,-19.55487],[-46.882954,-19.554851],[-46.881847,-19.554407],[-46.881065,-19.554093],[-46.87992,-19.553651],[-46.879463,-19.553471],[-46.878602,-19.553117],[-46.878,-19.552874],[-46.877859,-19.552817],[-46.877646,-19.552756],[-46.877415,-19.552696],[-46.876928,-19.552595],[-46.876524,-19.552539],[-46.876086,-19.552516],[-46.875657,-19.552541],[-46.874963,-19.552618],[-46.874494,-19.552716],[-46.873997,-19.55287],[-46.872946,-19.553302],[-46.871774,-19.55382],[-46.87066,-19.554317],[-46.870193,-19.554501],[-46.867429,-19.555712],[-46.866697,-19.556032],[-46.866091,-19.556244],[-46.865442,-19.556348],[-46.86468,-19.556378],[-46.864044,-19.556355],[-46.863513,-19.556269],[-46.85853,-19.555122],[-46.856193,-19.554599],[-46.855319,-19.554246],[-46.855121,-19.554142],[-46.854308,-19.553593],[-46.853549,-19.552967],[-46.851599,-19.551315],[-46.848962,-19.54907],[-46.848222,-19.54862],[-46.847556,-19.548309],[-46.846398,-19.547862],[-46.845674,-19.547561],[-46.844929,-19.547251],[-46.843026,-19.546456],[-46.842493,-19.54623],[-46.842282,-19.546141],[-46.842056,-19.546045],[-46.841691,-19.545917],[-46.841347,-19.54582],[-46.841025,-19.545785],[-46.840763,-19.545778],[-46.840414,-19.545788],[-46.840152,-19.545825],[-46.839889,-19.545877],[-46.839569,-19.545967],[-46.839287,-19.546085],[-46.838945,-19.546258],[-46.838668,-19.54643],[-46.838186,-19.546736],[-46.837363,-19.547249],[-46.83697,-19.547479],[-46.836731,-19.5476],[-46.83646,-19.547729],[-46.836177,-19.547843],[-46.835837,-19.547935],[-46.835475,-19.54802],[-46.835273,-19.548057],[-46.834945,-19.548108],[-46.834607,-19.548146],[-46.834147,-19.548172],[-46.833617,-19.54818],[-46.832778,-19.548185],[-46.831913,-19.548204],[-46.829452,-19.548247],[-46.826427,-19.548284],[-46.826059,-19.548272],[-46.825691,-19.548209],[-46.825391,-19.548133],[-46.825069,-19.548017],[-46.82476,-19.547865],[-46.822301,-19.546301],[-46.819968,-19.54485],[-46.817368,-19.543177],[-46.815907,-19.542244],[-46.814705,-19.541494],[-46.814568,-19.541411],[-46.812986,-19.540454],[-46.812774,-19.540378],[-46.812377,-19.54026],[-46.811985,-19.540174],[-46.811465,-19.540123],[-46.810859,-19.540158],[-46.810446,-19.540239],[-46.809847,-19.540421],[-46.809692,-19.540497],[-46.808944,-19.540899],[-46.808348,-19.541235],[-46.805481,-19.542888],[-46.803834,-19.543814],[-46.802504,-19.544529],[-46.798456,-19.546867],[-46.796128,-19.548207],[-46.795329,-19.548656],[-46.794395,-19.54918],[-46.793408,-19.549751],[-46.793057,-19.549943],[-46.792762,-19.550138],[-46.792284,-19.550509],[-46.791992,-19.55079],[-46.791751,-19.551035],[-46.79149,-19.551353],[-46.790975,-19.552099],[-46.790672,-19.552562],[-46.79005,-19.553471],[-46.788512,-19.555716],[-46.788328,-19.555976],[-46.787872,-19.556523],[-46.787539,-19.556788],[-46.787185,-19.55702],[-46.786998,-19.557116],[-46.786678,-19.557237],[-46.786217,-19.557346],[-46.785772,-19.557397],[-46.785205,-19.557407],[-46.7841,-19.557346],[-46.782691,-19.557227],[-46.781942,-19.557095],[-46.781376,-19.556911],[-46.780693,-19.556613],[-46.780033,-19.556197],[-46.779625,-19.555893],[-46.778659,-19.555258],[-46.77813,-19.554946],[-46.777293,-19.55457],[-46.776656,-19.554359],[-46.776129,-19.554255],[-46.77562,-19.554199],[-46.775043,-19.554174],[-46.774322,-19.554159],[-46.773178,-19.554141],[-46.772423,-19.554091],[-46.771422,-19.553923],[-46.769572,-19.553615],[-46.765767,-19.552976],[-46.764401,-19.552746],[-46.763589,-19.552584],[-46.762584,-19.552453],[-46.762097,-19.552434],[-46.761628,-19.55249],[-46.761151,-19.552617],[-46.760456,-19.552945],[-46.758825,-19.554067],[-46.757198,-19.555188],[-46.754994,-19.556747],[-46.754322,-19.557341],[-46.753938,-19.557766],[-46.753627,-19.558169],[-46.752246,-19.560098],[-46.751721,-19.560833],[-46.751061,-19.561768],[-46.750628,-19.56238],[-46.749597,-19.563844],[-46.749015,-19.5646],[-46.748562,-19.565085],[-46.747491,-19.566097],[-46.744737,-19.568541],[-46.74182,-19.571186],[-46.741104,-19.57179],[-46.740641,-19.572103],[-46.739583,-19.572701],[-46.738216,-19.573415],[-46.737396,-19.573864],[-46.736505,-19.574361],[-46.735763,-19.574843],[-46.733879,-19.576245],[-46.733472,-19.576536],[-46.732895,-19.576868],[-46.732325,-19.577092],[-46.731787,-19.577221],[-46.731138,-19.577271],[-46.730404,-19.577211],[-46.729895,-19.577174],[-46.729565,-19.577172],[-46.729197,-19.57721],[-46.728849,-19.577279],[-46.728449,-19.577408],[-46.728151,-19.577541],[-46.727297,-19.578023],[-46.726838,-19.578275],[-46.726498,-19.578419],[-46.726169,-19.578516],[-46.725892,-19.578578],[-46.725539,-19.578623],[-46.725267,-19.578632],[-46.724925,-19.578615],[-46.723518,-19.57846],[-46.723285,-19.578433],[-46.721105,-19.578176],[-46.719591,-19.578007],[-46.719114,-19.577965],[-46.718674,-19.577945],[-46.718224,-19.577951],[-46.717805,-19.577978],[-46.717304,-19.578036],[-46.71621,-19.578238],[-46.711201,-19.57927],[-46.710686,-19.579376],[-46.705885,-19.580352],[-46.702304,-19.581075],[-46.702066,-19.581103],[-46.701595,-19.581142],[-46.70105,-19.58114],[-46.700846,-19.581124],[-46.700574,-19.581103],[-46.700063,-19.581015],[-46.699501,-19.580868],[-46.698973,-19.580675],[-46.690904,-19.576917],[-46.689399,-19.576206],[-46.685691,-19.57449],[-46.684197,-19.573799],[-46.681249,-19.572432],[-46.679496,-19.571626],[-46.678972,-19.571413],[-46.678419,-19.571254],[-46.677912,-19.571161],[-46.676987,-19.571065],[-46.675757,-19.570966],[-46.675411,-19.570965],[-46.674938,-19.570995],[-46.674291,-19.571097],[-46.673771,-19.571233],[-46.673214,-19.571432],[-46.672661,-19.571692],[-46.671197,-19.572459],[-46.670158,-19.57282],[-46.668667,-19.573164],[-46.665919,-19.573574],[-46.664702,-19.573515],[-46.663445,-19.573308],[-46.662179,-19.573102],[-46.661235,-19.572738],[-46.66042,-19.572273],[-46.659745,-19.571683],[-46.658548,-19.570201],[-46.656708,-19.567785],[-46.65615,-19.567279],[-46.655326,-19.566655],[-46.654476,-19.566147],[-46.653643,-19.565827],[-46.651823,-19.565325],[-46.651178,-19.565329],[-46.650688,-19.565442],[-46.649442,-19.566292],[-46.644964,-19.570256],[-46.643183,-19.571817],[-46.640325,-19.574323],[-46.638769,-19.575921],[-46.63803,-19.576836],[-46.637632,-19.577208],[-46.637331,-19.577388],[-46.635636,-19.578298],[-46.635298,-19.578552],[-46.6351,-19.578763],[-46.63457,-19.579652],[-46.633628,-19.581271],[-46.633264,-19.581785],[-46.632556,-19.582461],[-46.631688,-19.583265],[-46.629664,-19.585115],[-46.628917,-19.585633],[-46.627995,-19.586062],[-46.627009,-19.586366],[-46.624815,-19.586961],[-46.623732,-19.587028],[-46.62256,-19.586886],[-46.619719,-19.586126],[-46.61808,-19.585619],[-46.615476,-19.58488],[-46.614442,-19.584571],[-46.613826,-19.584362],[-46.613073,-19.584026],[-46.611666,-19.583356],[-46.607895,-19.581558],[-46.607638,-19.581425],[-46.607262,-19.581242],[-46.607138,-19.581184],[-46.606708,-19.580974],[-46.606339,-19.580801],[-46.605463,-19.580386],[-46.59972,-19.577638],[-46.597895,-19.576771],[-46.597724,-19.576689],[-46.593278,-19.57456],[-46.592629,-19.574287],[-46.591974,-19.574062],[-46.589894,-19.57338],[-46.584354,-19.5716],[-46.584024,-19.571513],[-46.583281,-19.57136],[-46.582411,-19.571225],[-46.581747,-19.571173],[-46.576881,-19.57095],[-46.57333,-19.570733],[-46.572324,-19.570662],[-46.571334,-19.570624],[-46.570838,-19.57064],[-46.570427,-19.570622],[-46.568763,-19.570488],[-46.567399,-19.570406],[-46.566847,-19.570377],[-46.563712,-19.570209],[-46.563201,-19.570176],[-46.562672,-19.570166],[-46.562399,-19.570166],[-46.561706,-19.570205],[-46.561158,-19.570286],[-46.560324,-19.570445],[-46.55991,-19.570545],[-46.559353,-19.570698],[-46.558967,-19.570827],[-46.558504,-19.571007],[-46.557097,-19.57154],[-46.555464,-19.572223],[-46.554142,-19.572723],[-46.552666,-19.573332],[-46.550876,-19.574075],[-46.549838,-19.574503],[-46.547098,-19.575574],[-46.545608,-19.57619],[-46.545222,-19.57632],[-46.544842,-19.576427],[-46.544419,-19.576499],[-46.543932,-19.57655],[-46.543457,-19.57658],[-46.542992,-19.576585],[-46.542599,-19.576558],[-46.542013,-19.576472],[-46.54102,-19.576293],[-46.538183,-19.575821],[-46.536042,-19.57547],[-46.535628,-19.575418],[-46.53509,-19.575409],[-46.534721,-19.575428],[-46.534291,-19.575473],[-46.533984,-19.575513],[-46.533664,-19.575583],[-46.533352,-19.575679],[-46.532939,-19.575846],[-46.53259,-19.576013],[-46.532212,-19.576219],[-46.531776,-19.576472],[-46.53124,-19.576805],[-46.530919,-19.577006],[-46.529,-19.578205],[-46.528567,-19.578491],[-46.528126,-19.578779],[-46.527706,-19.579027],[-46.527349,-19.579219],[-46.526907,-19.579412],[-46.526579,-19.579536],[-46.526242,-19.579657],[-46.525937,-19.579748],[-46.525631,-19.579816],[-46.525081,-19.579884],[-46.524309,-19.579955],[-46.519732,-19.5802],[-46.516619,-19.580348],[-46.515958,-19.580384],[-46.515373,-19.580433],[-46.514981,-19.580492],[-46.514621,-19.580574],[-46.514287,-19.580668],[-46.514045,-19.580749],[-46.513717,-19.580871],[-46.513368,-19.581043],[-46.509923,-19.582809],[-46.507176,-19.584199],[-46.503472,-19.58611],[-46.501772,-19.586966],[-46.501449,-19.587174],[-46.501109,-19.58737],[-46.5009,-19.587505],[-46.5003,-19.587938],[-46.500066,-19.588073],[-46.499755,-19.588221],[-46.499269,-19.588436],[-46.497931,-19.589094],[-46.496914,-19.589653],[-46.496203,-19.590013],[-46.495898,-19.590202],[-46.495684,-19.590307],[-46.495423,-19.590446],[-46.495125,-19.590575],[-46.494819,-19.590658],[-46.494481,-19.590753],[-46.494212,-19.590845],[-46.493915,-19.590986],[-46.493557,-19.59115],[-46.493375,-19.591217],[-46.492424,-19.591688],[-46.491046,-19.592395],[-46.489889,-19.59299],[-46.489743,-19.593059],[-46.48965,-19.593099],[-46.489389,-19.593217],[-46.489213,-19.59328],[-46.488897,-19.593395],[-46.488639,-19.59347],[-46.488446,-19.593495],[-46.488047,-19.59355],[-46.487935,-19.593562],[-46.487761,-19.593578],[-46.487545,-19.593595],[-46.487371,-19.593604],[-46.487181,-19.593604],[-46.486734,-19.593576],[-46.486419,-19.593565],[-46.486154,-19.593537],[-46.486042,-19.593513],[-46.485916,-19.59348],[-46.485568,-19.593382],[-46.485193,-19.593274],[-46.484953,-19.593196],[-46.484599,-19.593079],[-46.484413,-19.593021],[-46.481446,-19.592047],[-46.480753,-19.591799],[-46.480405,-19.591643],[-46.480127,-19.591474],[-46.479867,-19.591257],[-46.479722,-19.591093],[-46.479588,-19.590915],[-46.479402,-19.590634],[-46.478495,-19.589055],[-46.478369,-19.58885],[-46.478208,-19.588657],[-46.477991,-19.588448],[-46.477726,-19.588234],[-46.477444,-19.588057],[-46.477151,-19.587921],[-46.474455,-19.586871],[-46.473205,-19.586375],[-46.472696,-19.586205],[-46.472404,-19.586131],[-46.47201,-19.586082],[-46.471724,-19.586067],[-46.471324,-19.586099],[-46.470885,-19.586186],[-46.467872,-19.586948],[-46.467386,-19.587088],[-46.466975,-19.58718],[-46.466589,-19.587234],[-46.466159,-19.587242],[-46.465754,-19.587203],[-46.465452,-19.587131],[-46.465134,-19.587027],[-46.464713,-19.586863],[-46.464211,-19.586627],[-46.463753,-19.586385],[-46.463494,-19.586253],[-46.462792,-19.585932],[-46.461387,-19.585236],[-46.458841,-19.584049],[-46.4568,-19.583075],[-46.456064,-19.582695],[-46.454195,-19.5818],[-46.453261,-19.581384],[-46.452261,-19.580919],[-46.449456,-19.579552],[-46.44841,-19.579053],[-46.448043,-19.5789],[-46.447619,-19.578722],[-46.44721,-19.578593],[-46.446796,-19.578457],[-46.446153,-19.578232],[-46.445113,-19.57792],[-46.444386,-19.57769],[-46.441138,-19.576691],[-46.438018,-19.575692],[-46.436163,-19.575109],[-46.435721,-19.574963],[-46.435392,-19.574871],[-46.435069,-19.574813],[-46.434521,-19.574742],[-46.434314,-19.57473],[-46.43398,-19.574748],[-46.43311,-19.574813],[-46.432766,-19.574866],[-46.432415,-19.574945],[-46.43209,-19.575049],[-46.431472,-19.575271],[-46.430975,-19.575444],[-46.430666,-19.575582],[-46.430098,-19.575863],[-46.42973,-19.576032],[-46.429392,-19.576218],[-46.427961,-19.577079],[-46.427458,-19.577386],[-46.426487,-19.577954],[-46.423106,-19.57993],[-46.42171,-19.58078],[-46.420504,-19.581489],[-46.419756,-19.581913],[-46.41898,-19.582364],[-46.418349,-19.582703],[-46.417953,-19.582892],[-46.417513,-19.583052],[-46.417085,-19.583173],[-46.416044,-19.583444],[-46.415426,-19.583588],[-46.414967,-19.583665],[-46.414653,-19.583748],[-46.414345,-19.583866],[-46.413432,-19.584273],[-46.41256,-19.584627],[-46.410398,-19.585519],[-46.409941,-19.585679],[-46.409593,-19.585788],[-46.409131,-19.585912],[-46.409094,-19.585923],[-46.408762,-19.586016],[-46.408245,-19.586164],[-46.408016,-19.586227],[-46.407947,-19.586249],[-46.407889,-19.586266],[-46.40645,-19.586629],[-46.405499,-19.586879],[-46.405161,-19.586956],[-46.404819,-19.586988],[-46.40444,-19.586993],[-46.404099,-19.58696],[-46.403773,-19.586892],[-46.403486,-19.58681],[-46.40322,-19.586701],[-46.402924,-19.586546],[-46.402465,-19.586291],[-46.402231,-19.586136],[-46.401938,-19.585909],[-46.40171,-19.585745],[-46.401437,-19.585575],[-46.400943,-19.585253],[-46.40078,-19.585146],[-46.400175,-19.584748],[-46.399044,-19.584019],[-46.398673,-19.583813],[-46.398378,-19.583695],[-46.398014,-19.583593],[-46.397646,-19.583523],[-46.397234,-19.583513],[-46.396858,-19.583541],[-46.396463,-19.58362],[-46.395736,-19.583819],[-46.390165,-19.585399],[-46.387114,-19.586253],[-46.386104,-19.586548],[-46.385163,-19.586814],[-46.384306,-19.587057],[-46.383293,-19.587344],[-46.382175,-19.587696],[-46.38155,-19.587845],[-46.380925,-19.587963],[-46.380439,-19.588032],[-46.379404,-19.58809],[-46.378709,-19.58811],[-46.377615,-19.58808],[-46.376952,-19.588065],[-46.375748,-19.588095],[-46.374938,-19.588116],[-46.374104,-19.588138],[-46.373538,-19.58814],[-46.372977,-19.58811],[-46.372497,-19.588082],[-46.37217,-19.588075],[-46.371972,-19.588069],[-46.370762,-19.588034],[-46.369421,-19.588032],[-46.367302,-19.588042],[-46.365733,-19.588047],[-46.364544,-19.588034],[-46.364228,-19.588034],[-46.363992,-19.588029],[-46.36364,-19.588044],[-46.363329,-19.588049],[-46.362967,-19.588027],[-46.361929,-19.587994],[-46.361613,-19.587979],[-46.361304,-19.587933],[-46.360626,-19.587819],[-46.360197,-19.587749],[-46.359692,-19.587627],[-46.359285,-19.587542],[-46.358885,-19.587458],[-46.358607,-19.587407],[-46.357445,-19.587195],[-46.355358,-19.586778],[-46.353673,-19.586432],[-46.352013,-19.586111],[-46.35127,-19.585967],[-46.34969,-19.585664],[-46.34914,-19.585578],[-46.348642,-19.585537],[-46.347971,-19.585527],[-46.347545,-19.585558],[-46.347209,-19.585618],[-46.346523,-19.585765],[-46.346083,-19.585914],[-46.345587,-19.586116],[-46.345123,-19.586359],[-46.344475,-19.586652],[-46.344414,-19.58668],[-46.343733,-19.586968],[-46.343508,-19.587056],[-46.342164,-19.587716],[-46.341179,-19.588164],[-46.340158,-19.588542],[-46.339884,-19.588631],[-46.339452,-19.588737],[-46.338975,-19.58881],[-46.338476,-19.588868],[-46.337958,-19.588888],[-46.337481,-19.588871],[-46.337049,-19.588835],[-46.336601,-19.588744],[-46.335885,-19.58855],[-46.33541,-19.58837],[-46.334705,-19.588019],[-46.333753,-19.587552],[-46.332661,-19.587064],[-46.33128,-19.586356],[-46.33084,-19.586147],[-46.330302,-19.585922],[-46.32977,-19.585721],[-46.328997,-19.585344],[-46.328419,-19.585044],[-46.328092,-19.584893],[-46.327806,-19.584797],[-46.327491,-19.584739],[-46.327225,-19.584724],[-46.326901,-19.58474],[-46.326539,-19.584781],[-46.326187,-19.58485],[-46.325862,-19.58496],[-46.325635,-19.58506],[-46.325396,-19.585193],[-46.325148,-19.585368],[-46.324233,-19.586114],[-46.323303,-19.586912],[-46.322104,-19.587926],[-46.321763,-19.588197],[-46.32149,-19.588373],[-46.321237,-19.588504],[-46.321077,-19.588581],[-46.320767,-19.588689],[-46.320442,-19.588757],[-46.320025,-19.588814],[-46.319583,-19.588823],[-46.319098,-19.588824],[-46.318646,-19.588823],[-46.317902,-19.588757],[-46.31745,-19.588691],[-46.317104,-19.588656],[-46.316723,-19.588637],[-46.316326,-19.588629],[-46.315154,-19.58859],[-46.314586,-19.588548],[-46.314164,-19.588514],[-46.313818,-19.588509],[-46.313586,-19.588533],[-46.31333,-19.588578],[-46.313016,-19.588656],[-46.312693,-19.588763],[-46.312409,-19.588907],[-46.312196,-19.589042],[-46.31185,-19.5893],[-46.31082,-19.590214],[-46.310598,-19.590416],[-46.310322,-19.590637],[-46.310028,-19.590825],[-46.309573,-19.591089],[-46.309025,-19.591391],[-46.306682,-19.59268],[-46.302288,-19.595089],[-46.301852,-19.595331],[-46.301396,-19.595537],[-46.301062,-19.595664],[-46.30066,-19.595784],[-46.300272,-19.595874],[-46.299815,-19.59596],[-46.298825,-19.596079],[-46.297056,-19.596268],[-46.296141,-19.596367],[-46.295186,-19.596477],[-46.29461,-19.596579],[-46.294277,-19.596659],[-46.293714,-19.596849],[-46.293117,-19.597111],[-46.292149,-19.597562],[-46.290911,-19.598157],[-46.288612,-19.599259],[-46.288017,-19.599566],[-46.287569,-19.599831],[-46.287096,-19.600183],[-46.286894,-19.600364],[-46.286725,-19.600525],[-46.286389,-19.600866],[-46.285255,-19.601997],[-46.284817,-19.602425],[-46.284551,-19.602696],[-46.284301,-19.602978],[-46.284118,-19.603199],[-46.28398,-19.60342],[-46.283876,-19.603626],[-46.283775,-19.603869],[-46.283713,-19.604095],[-46.283614,-19.60462],[-46.283476,-19.605413],[-46.283357,-19.60613],[-46.283231,-19.606879],[-46.283165,-19.607267],[-46.283095,-19.60763],[-46.282946,-19.60836],[-46.282813,-19.609122],[-46.282729,-19.609637],[-46.282662,-19.610061],[-46.282591,-19.610538],[-46.282496,-19.611119],[-46.28243,-19.611437],[-46.282374,-19.611655],[-46.282327,-19.611809],[-46.282264,-19.611979],[-46.282184,-19.612162],[-46.282112,-19.612297],[-46.281985,-19.612506],[-46.281833,-19.612706],[-46.281585,-19.612993],[-46.281267,-19.613322],[-46.280637,-19.613935],[-46.280072,-19.614483],[-46.27954,-19.614962],[-46.279048,-19.615345],[-46.278348,-19.615878],[-46.277489,-19.616535],[-46.277153,-19.616793],[-46.276117,-19.617593],[-46.275652,-19.617953],[-46.275234,-19.618291],[-46.274908,-19.618589],[-46.27461,-19.618905],[-46.274268,-19.619308],[-46.273973,-19.619719],[-46.273518,-19.620364],[-46.273155,-19.620859],[-46.272794,-19.621317],[-46.272524,-19.621627],[-46.272235,-19.62193],[-46.270439,-19.623557],[-46.268489,-19.625334],[-46.265466,-19.628141],[-46.262773,-19.630573],[-46.259632,-19.633434],[-46.258221,-19.634746],[-46.250167,-19.642115],[-46.249448,-19.642762],[-46.248995,-19.643158],[-46.248611,-19.643442],[-46.248227,-19.643702],[-46.247697,-19.644038],[-46.24709,-19.644386],[-46.246573,-19.644631],[-46.245889,-19.644919],[-46.244381,-19.645511],[-46.241436,-19.646665],[-46.240925,-19.646859],[-46.240163,-19.647151],[-46.240023,-19.647205],[-46.239929,-19.647246],[-46.238802,-19.647693],[-46.238625,-19.647757],[-46.236184,-19.648712],[-46.235043,-19.649107],[-46.234519,-19.649313],[-46.233985,-19.649524],[-46.233486,-19.649735],[-46.23303,-19.649914],[-46.232448,-19.650132],[-46.231752,-19.650398],[-46.230882,-19.650742],[-46.229987,-19.651089],[-46.229229,-19.651394],[-46.228324,-19.651734],[-46.227092,-19.652204],[-46.225504,-19.652819],[-46.224674,-19.653136],[-46.223883,-19.653442],[-46.22297,-19.653807],[-46.222029,-19.654169],[-46.221433,-19.6544],[-46.220618,-19.654718],[-46.219828,-19.655031],[-46.219322,-19.655234],[-46.218051,-19.655722],[-46.217136,-19.656063],[-46.216108,-19.656464],[-46.214266,-19.657182],[-46.213846,-19.657341],[-46.212357,-19.657929],[-46.212141,-19.658016],[-46.211929,-19.658097],[-46.208925,-19.659257],[-46.208705,-19.659362],[-46.208717,-19.659405],[-46.208716,-19.659448],[-46.208697,-19.659534],[-46.208656,-19.659608],[-46.208597,-19.659665],[-46.208471,-19.659746],[-46.206581,-19.66038],[-46.205678,-19.660677],[-46.205117,-19.660863],[-46.204775,-19.660988],[-46.204544,-19.661087],[-46.20425,-19.661237],[-46.203561,-19.661707],[-46.201555,-19.663178],[-46.201446,-19.663274],[-46.201371,-19.663351],[-46.201274,-19.663485],[-46.201176,-19.663693],[-46.20029,-19.665836],[-46.199831,-19.666955],[-46.198863,-19.669324],[-46.19804,-19.671315],[-46.197787,-19.671856],[-46.197327,-19.672987],[-46.196413,-19.675159],[-46.195753,-19.67673],[-46.195494,-19.677294],[-46.195282,-19.677667],[-46.195033,-19.677957],[-46.194608,-19.678354],[-46.194246,-19.678643],[-46.194014,-19.678793],[-46.193776,-19.678915],[-46.192632,-19.679269],[-46.190589,-19.679818],[-46.19025,-19.679861],[-46.189509,-19.679823],[-46.187498,-19.679623],[-46.187299,-19.67962],[-46.187143,-19.679635],[-46.186997,-19.679669],[-46.186806,-19.67973],[-46.186153,-19.680025],[-46.183778,-19.68124],[-46.182948,-19.681657],[-46.182267,-19.682],[-46.182039,-19.682139],[-46.181862,-19.682283],[-46.181712,-19.682437],[-46.181584,-19.682579],[-46.181443,-19.682766],[-46.181356,-19.68293],[-46.181319,-19.683051],[-46.181285,-19.68319],[-46.181231,-19.683556],[-46.181221,-19.68394],[-46.181215,-19.684311],[-46.181223,-19.684556],[-46.181252,-19.684922],[-46.181285,-19.684933],[-46.181311,-19.684955],[-46.181324,-19.684986],[-46.181324,-19.685019],[-46.181309,-19.685049],[-46.181283,-19.685071],[-46.181249,-19.685081],[-46.181234,-19.685177],[-46.18125,-19.685701],[-46.181268,-19.685895],[-46.181278,-19.686029],[-46.181265,-19.686142],[-46.181252,-19.686238],[-46.181222,-19.686328],[-46.181175,-19.686414],[-46.181124,-19.686478],[-46.181022,-19.686594],[-46.180907,-19.686701],[-46.180777,-19.686787],[-46.180638,-19.686862],[-46.180502,-19.686926],[-46.180384,-19.686956],[-46.180216,-19.686941],[-46.180049,-19.686873],[-46.179979,-19.686832],[-46.17978,-19.686716],[-46.179394,-19.686465],[-46.179091,-19.686284],[-46.178794,-19.686086],[-46.178589,-19.685973],[-46.178401,-19.685899],[-46.178313,-19.685882],[-46.178217,-19.685891],[-46.178144,-19.685921],[-46.178101,-19.685969],[-46.178083,-19.686022],[-46.178075,-19.686113],[-46.178148,-19.687447],[-46.178196,-19.687723],[-46.178237,-19.687857],[-46.178289,-19.687984],[-46.178345,-19.688109],[-46.178412,-19.688221],[-46.178874,-19.688748],[-46.179176,-19.689092],[-46.179273,-19.689197],[-46.179318,-19.689274],[-46.179348,-19.689377],[-46.179347,-19.689482],[-46.179328,-19.689574],[-46.179254,-19.689732],[-46.179148,-19.689897],[-46.178394,-19.691121],[-46.178144,-19.691499],[-46.178064,-19.691622],[-46.177971,-19.691769],[-46.177719,-19.692121],[-46.177416,-19.692577],[-46.1769,-19.692768],[-46.176256,-19.693011],[-46.175623,-19.693216],[-46.174986,-19.693459],[-46.174349,-19.693685],[-46.173763,-19.693938],[-46.172677,-19.694305],[-46.172553,-19.694346],[-46.172428,-19.694392],[-46.172319,-19.694437],[-46.172225,-19.694471],[-46.172174,-19.69449],[-46.172131,-19.694525],[-46.172091,-19.694569],[-46.171959,-19.694776],[-46.171822,-19.694971],[-46.171374,-19.69564],[-46.171087,-19.696054],[-46.171018,-19.696153],[-46.170731,-19.696554],[-46.170495,-19.696895],[-46.169923,-19.697679],[-46.169007,-19.69714],[-46.168091,-19.696605],[-46.167631,-19.69634],[-46.167145,-19.696042],[-46.166206,-19.695473],[-46.164385,-19.694371],[-46.164527,-19.694163],[-46.165064,-19.693388],[-46.165508,-19.692759],[-46.165578,-19.69266],[-46.165943,-19.692122],[-46.166513,-19.691266],[-46.166807,-19.690822],[-46.167102,-19.690395],[-46.167378,-19.689976],[-46.167684,-19.689554],[-46.16796,-19.689142],[-46.16826,-19.688738],[-46.16855,-19.688319],[-46.168737,-19.688042],[-46.170034,-19.686174],[-46.170114,-19.686018],[-46.170218,-19.68588],[-46.170208,-19.685847],[-46.170214,-19.685813],[-46.170207,-19.685768],[-46.170154,-19.685484],[-46.170071,-19.685131],[-46.170035,-19.684948],[-46.170016,-19.684802],[-46.170006,-19.684667],[-46.170014,-19.684453],[-46.17002,-19.684398],[-46.170059,-19.684121],[-46.170157,-19.682982],[-46.170162,-19.682872],[-46.170143,-19.682748],[-46.170098,-19.682594],[-46.170012,-19.682384],[-46.16982,-19.68207],[-46.169765,-19.68198],[-46.169636,-19.681806],[-46.169435,-19.681596],[-46.169332,-19.681498],[-46.168987,-19.681172],[-46.168824,-19.681013],[-46.168542,-19.680776],[-46.168126,-19.680465],[-46.167769,-19.6802],[-46.166979,-19.679659],[-46.166388,-19.679255],[-46.165178,-19.678432],[-46.16421,-19.677752],[-46.163534,-19.677268],[-46.163304,-19.677063],[-46.163124,-19.676881],[-46.162942,-19.676646],[-46.162802,-19.676438],[-46.162696,-19.676243],[-46.162291,-19.675392],[-46.161464,-19.6736],[-46.16111,-19.672725],[-46.16092,-19.672142],[-46.160813,-19.671704],[-46.160659,-19.671043],[-46.160564,-19.670346],[-46.160525,-19.6698],[-46.160365,-19.667115],[-46.160322,-19.667014],[-46.160245,-19.666863],[-46.160138,-19.666706],[-46.160041,-19.666674],[-46.159898,-19.666616],[-46.159758,-19.666568],[-46.159676,-19.666545],[-46.159571,-19.666532],[-46.159424,-19.666521],[-46.15929,-19.666518],[-46.159148,-19.666521],[-46.158928,-19.666539],[-46.158627,-19.666631],[-46.157463,-19.66701],[-46.157211,-19.667077],[-46.156995,-19.667121],[-46.156764,-19.667159],[-46.156319,-19.667215],[-46.155835,-19.667262],[-46.155151,-19.66731],[-46.154934,-19.667308],[-46.154762,-19.66729],[-46.154592,-19.667253],[-46.154417,-19.667205],[-46.154265,-19.667155],[-46.154098,-19.667088],[-46.153771,-19.666916],[-46.15289,-19.666323],[-46.15234,-19.665946],[-46.152187,-19.665849],[-46.152046,-19.665769],[-46.151938,-19.665718],[-46.151779,-19.665656],[-46.151671,-19.665619],[-46.151491,-19.665577],[-46.151301,-19.66556],[-46.151164,-19.665561],[-46.150834,-19.665593],[-46.149919,-19.665777],[-46.149705,-19.665836],[-46.149142,-19.665992],[-46.148852,-19.666098],[-46.148597,-19.666189],[-46.148231,-19.666348],[-46.14766,-19.666637],[-46.147067,-19.666972],[-46.146872,-19.66708],[-46.146644,-19.667178],[-46.146329,-19.667316],[-46.146068,-19.667392],[-46.145778,-19.667444],[-46.145533,-19.667448],[-46.145247,-19.667376],[-46.144922,-19.667241],[-46.14109,-19.66486],[-46.134785,-19.660916],[-46.13368,-19.660238],[-46.132363,-19.659385],[-46.131907,-19.659097],[-46.131316,-19.658739],[-46.130849,-19.658458],[-46.13059,-19.658304],[-46.130249,-19.658116],[-46.129949,-19.657982],[-46.129717,-19.657912],[-46.129563,-19.65789],[-46.129392,-19.657872],[-46.129118,-19.65786],[-46.127386,-19.657914],[-46.124505,-19.657975],[-46.124225,-19.657999],[-46.12395,-19.658033],[-46.123646,-19.658101],[-46.123425,-19.658174],[-46.123274,-19.658239],[-46.123038,-19.658359],[-46.122842,-19.658481],[-46.12258,-19.65867],[-46.122417,-19.658804],[-46.122236,-19.65897],[-46.12177,-19.659408],[-46.121433,-19.659724],[-46.120474,-19.660618],[-46.119136,-19.661804],[-46.118985,-19.661938],[-46.118695,-19.662168],[-46.118545,-19.662272],[-46.118425,-19.662346],[-46.118293,-19.662403],[-46.118169,-19.662437],[-46.117982,-19.662481],[-46.117768,-19.662501],[-46.11753,-19.662489],[-46.117191,-19.662424],[-46.115956,-19.662111],[-46.115296,-19.661952],[-46.115139,-19.661931],[-46.114989,-19.66192],[-46.114845,-19.661921],[-46.114717,-19.66193],[-46.11452,-19.661963],[-46.114237,-19.662029],[-46.113711,-19.662152],[-46.113149,-19.662285],[-46.112718,-19.66237],[-46.112304,-19.662433],[-46.112009,-19.662464],[-46.111613,-19.662481],[-46.110937,-19.662466],[-46.110633,-19.662439],[-46.110288,-19.66239],[-46.109568,-19.662247],[-46.107309,-19.66177],[-46.104826,-19.661267],[-46.104276,-19.661151],[-46.103692,-19.66103],[-46.103276,-19.660964],[-46.103041,-19.660949],[-46.102738,-19.660969],[-46.102452,-19.661006],[-46.102226,-19.661064],[-46.102078,-19.661112],[-46.101862,-19.661198],[-46.101697,-19.661281],[-46.101489,-19.661415],[-46.10113,-19.661674],[-46.100737,-19.661977],[-46.100233,-19.662276],[-46.099958,-19.662415],[-46.099719,-19.662504],[-46.099369,-19.662591],[-46.099027,-19.662637],[-46.097626,-19.66275],[-46.096907,-19.662805],[-46.096003,-19.662895],[-46.095476,-19.662971],[-46.094894,-19.663092],[-46.094234,-19.663255],[-46.093864,-19.663345],[-46.093636,-19.663378],[-46.093423,-19.663395],[-46.093156,-19.663384],[-46.092947,-19.663347],[-46.092664,-19.663259],[-46.092402,-19.663139],[-46.092163,-19.662967],[-46.090817,-19.66183],[-46.089733,-19.660864],[-46.088178,-19.659548],[-46.086847,-19.658402],[-46.086637,-19.658201],[-46.086513,-19.658054],[-46.086409,-19.657912],[-46.086269,-19.657641],[-46.086193,-19.6574],[-46.086166,-19.657222],[-46.086153,-19.657044],[-46.086157,-19.656832],[-46.086234,-19.656284],[-46.086391,-19.655228],[-46.086507,-19.654484],[-46.08655,-19.654148],[-46.086559,-19.653913],[-46.086548,-19.653739],[-46.086513,-19.653581],[-46.086446,-19.65336],[-46.086336,-19.653116],[-46.086204,-19.652903],[-46.085762,-19.65238],[-46.084405,-19.650948],[-46.084212,-19.650776],[-46.08398,-19.650599],[-46.083752,-19.650465],[-46.083415,-19.650291],[-46.083069,-19.650163],[-46.082776,-19.65007],[-46.082459,-19.649981],[-46.075181,-19.648666],[-46.074332,-19.648596],[-46.073206,-19.648644],[-46.072607,-19.648741],[-46.071898,-19.648866],[-46.071286,-19.649017],[-46.070754,-19.649212],[-46.070214,-19.649491],[-46.069819,-19.649823],[-46.069544,-19.650108],[-46.069343,-19.650398],[-46.069196,-19.650681],[-46.069056,-19.651065],[-46.068981,-19.65135],[-46.068933,-19.651659],[-46.06889,-19.651843],[-46.068569,-19.655369],[-46.068561,-19.655448],[-46.068544,-19.655682],[-46.068391,-19.657307],[-46.068364,-19.657593],[-46.068357,-19.657656],[-46.068038,-19.661274],[-46.067905,-19.662666],[-46.067877,-19.662871],[-46.067796,-19.663169],[-46.06772,-19.663362],[-46.067573,-19.663629],[-46.067452,-19.663779],[-46.067164,-19.664061],[-46.066977,-19.664188],[-46.06672,-19.664327],[-46.066521,-19.664408],[-46.066308,-19.664474],[-46.066068,-19.664533],[-46.064966,-19.664816],[-46.064126,-19.665031],[-46.062892,-19.665343],[-46.062302,-19.665492],[-46.061097,-19.665809],[-46.060221,-19.666032],[-46.059325,-19.666258],[-46.058664,-19.666427],[-46.057315,-19.666777],[-46.056055,-19.667095],[-46.05462,-19.667469],[-46.053878,-19.667659],[-46.053519,-19.66778],[-46.053344,-19.667834],[-46.052671,-19.668099],[-46.051643,-19.668617],[-46.049028,-19.669915],[-46.047222,-19.670833],[-46.047072,-19.670916],[-46.046249,-19.671292],[-46.045316,-19.671668],[-46.044189,-19.67213],[-46.043959,-19.672272],[-46.043758,-19.672471],[-46.04365,-19.672638],[-46.043589,-19.6728],[-46.043538,-19.673002],[-46.043519,-19.673191],[-46.043522,-19.673482],[-46.043522,-19.674131],[-46.043508,-19.674977],[-46.043487,-19.675979],[-46.043422,-19.676766],[-46.043371,-19.677712],[-46.043304,-19.678465],[-46.043197,-19.679917],[-46.043127,-19.680303],[-46.043015,-19.680591],[-46.042816,-19.680907],[-46.042416,-19.681311],[-46.041754,-19.681853],[-46.041006,-19.68249],[-46.040039,-19.68334],[-46.039715,-19.683639],[-46.039537,-19.683847],[-46.039376,-19.684101],[-46.039253,-19.684364],[-46.03917,-19.6847],[-46.039101,-19.685319],[-46.039086,-19.685566],[-46.039018,-19.68693],[-46.038838,-19.68967],[-46.038779,-19.690201],[-46.038683,-19.690552],[-46.038508,-19.69094],[-46.038334,-19.691223],[-46.038052,-19.691547],[-46.037677,-19.691885],[-46.037127,-19.692342],[-46.03677,-19.692634],[-46.034968,-19.69413],[-46.033743,-19.695136],[-46.03297,-19.695773],[-46.032299,-19.696335],[-46.031484,-19.697013],[-46.030754,-19.697619],[-46.030375,-19.69792],[-46.029976,-19.698206],[-46.029575,-19.698468],[-46.029241,-19.698686],[-46.027837,-19.699587],[-46.027517,-19.699798],[-46.026201,-19.700651],[-46.026005,-19.700793],[-46.025921,-19.700861],[-46.025702,-19.701058],[-46.025569,-19.701215],[-46.025457,-19.701368],[-46.025337,-19.701588],[-46.025223,-19.701866],[-46.025158,-19.702129],[-46.025124,-19.702444],[-46.025114,-19.70285],[-46.025068,-19.703802],[-46.025012,-19.704549],[-46.024969,-19.704903],[-46.024862,-19.705255],[-46.024684,-19.70562],[-46.024421,-19.705988],[-46.023769,-19.706741],[-46.023152,-19.707454],[-46.021739,-19.709077],[-46.020381,-19.710624],[-46.020013,-19.711212],[-46.019875,-19.711797],[-46.019858,-19.712151],[-46.019942,-19.712565],[-46.020122,-19.712939],[-46.020655,-19.713839],[-46.021247,-19.714743],[-46.021576,-19.715316],[-46.021837,-19.715894],[-46.022481,-19.717651],[-46.022928,-19.718701],[-46.023096,-19.719147],[-46.02321,-19.71954],[-46.023251,-19.71999],[-46.023222,-19.720476],[-46.023073,-19.720946],[-46.022717,-19.721583],[-46.021891,-19.722885],[-46.020958,-19.72439],[-46.020663,-19.725101],[-46.02017,-19.727573],[-46.020001,-19.728004],[-46.019702,-19.728457],[-46.018698,-19.729462],[-46.018081,-19.730033],[-46.017502,-19.730657],[-46.017041,-19.731311],[-46.016681,-19.732012],[-46.016064,-19.733508],[-46.01591,-19.733853],[-46.015695,-19.734416],[-46.015593,-19.734686],[-46.015494,-19.734974],[-46.015312,-19.73545],[-46.015088,-19.73593],[-46.014872,-19.736253],[-46.014609,-19.736546],[-46.014471,-19.736666],[-46.013946,-19.737121],[-46.012804,-19.738011],[-46.012495,-19.738161],[-46.012224,-19.738223],[-46.011803,-19.738173],[-46.010239,-19.737582],[-46.009788,-19.73754],[-46.009461,-19.737625],[-46.008931,-19.737937],[-46.008569,-19.73839],[-46.008108,-19.738913],[-46.006163,-19.741116],[-46.003553,-19.744072],[-46.00252,-19.744818],[-45.998489,-19.746886],[-45.998433,-19.746915],[-45.996972,-19.747454],[-45.991027,-19.749649],[-45.99048,-19.749715],[-45.990001,-19.749618],[-45.979124,-19.745291],[-45.978669,-19.74522],[-45.978253,-19.745203],[-45.977022,-19.745502],[-45.973699,-19.746307],[-45.97335,-19.746392],[-45.972832,-19.746447],[-45.972548,-19.746426],[-45.971607,-19.746168],[-45.968131,-19.745216],[-45.965641,-19.744689],[-45.965552,-19.74467],[-45.962593,-19.744044],[-45.96216,-19.743973],[-45.961751,-19.744009],[-45.959132,-19.744691],[-45.955284,-19.745369],[-45.950217,-19.746203],[-45.949595,-19.746168],[-45.948867,-19.745865],[-45.946629,-19.743329],[-45.946052,-19.742675],[-45.945029,-19.741515],[-45.944484,-19.741228],[-45.943919,-19.741153],[-45.943103,-19.741285],[-45.942491,-19.741243],[-45.941915,-19.740941],[-45.940674,-19.740113],[-45.940028,-19.739918],[-45.939501,-19.73987],[-45.938175,-19.73975],[-45.938022,-19.739737],[-45.937599,-19.739565],[-45.937191,-19.739383],[-45.936945,-19.73904],[-45.935393,-19.735911],[-45.935271,-19.735382],[-45.935443,-19.734702],[-45.937157,-19.731787],[-45.937329,-19.731326],[-45.93732,-19.73066],[-45.934887,-19.722121],[-45.934567,-19.721405],[-45.93414,-19.720748],[-45.932987,-19.719719],[-45.932307,-19.718903],[-45.93202,-19.718518],[-45.931635,-19.717828],[-45.931207,-19.716653],[-45.930663,-19.716109],[-45.928794,-19.715086],[-45.928126,-19.714668],[-45.926604,-19.713155],[-45.924474,-19.710796],[-45.9237,-19.709571],[-45.923538,-19.709413],[-45.923175,-19.709211],[-45.922105,-19.708777],[-45.921673,-19.708364],[-45.92131,-19.707843],[-45.920818,-19.707539],[-45.92045,-19.707502],[-45.920131,-19.707595],[-45.919581,-19.707847],[-45.919167,-19.708132],[-45.91873,-19.708188],[-45.917663,-19.707864],[-45.917293,-19.707862],[-45.917022,-19.707959],[-45.916635,-19.708275],[-45.915621,-19.709617],[-45.915271,-19.709951],[-45.914707,-19.710286],[-45.913444,-19.711067],[-45.912591,-19.711357],[-45.911151,-19.711611],[-45.910732,-19.711845],[-45.910452,-19.712233],[-45.909665,-19.713233],[-45.908917,-19.713642],[-45.90794,-19.714169],[-45.907518,-19.714549],[-45.906832,-19.715355],[-45.905968,-19.716368],[-45.904957,-19.717625],[-45.904693,-19.717881],[-45.904259,-19.71812],[-45.903866,-19.718248],[-45.903436,-19.718288],[-45.901377,-19.718306],[-45.899091,-19.718284],[-45.898309,-19.718341],[-45.897692,-19.718468],[-45.897163,-19.718719],[-45.896281,-19.719389],[-45.895595,-19.71971],[-45.894837,-19.719848],[-45.89411,-19.7197],[-45.892962,-19.71911],[-45.892276,-19.718737],[-45.890518,-19.71727],[-45.888581,-19.715251],[-45.888132,-19.714893],[-45.887443,-19.714711],[-45.886788,-19.714728],[-45.885505,-19.714916],[-45.883345,-19.715256],[-45.882883,-19.715507],[-45.88204,-19.716383],[-45.881738,-19.716809],[-45.881625,-19.717358],[-45.881722,-19.718204],[-45.88169,-19.718645],[-45.881575,-19.718974],[-45.881247,-19.719286],[-45.880645,-19.719363],[-45.87841,-19.719151],[-45.877896,-19.719286],[-45.877593,-19.719507],[-45.877428,-19.719833],[-45.877319,-19.72053],[-45.877124,-19.720937],[-45.876739,-19.721249],[-45.876337,-19.721367],[-45.874399,-19.721637],[-45.873674,-19.721757],[-45.873144,-19.721906],[-45.872798,-19.722154],[-45.872302,-19.723129],[-45.872023,-19.723553],[-45.871676,-19.723904],[-45.869859,-19.724861],[-45.869202,-19.725299],[-45.868851,-19.725712],[-45.868545,-19.726121],[-45.867421,-19.727894],[-45.866878,-19.72861],[-45.866064,-19.729472],[-45.865543,-19.729853],[-45.863144,-19.731607],[-45.862662,-19.732134],[-45.86234,-19.73274],[-45.862158,-19.733429],[-45.861136,-19.737566],[-45.8601,-19.741211],[-45.859652,-19.741853],[-45.858993,-19.742314],[-45.858145,-19.742491],[-45.857313,-19.742443],[-45.855188,-19.742282],[-45.854239,-19.74203],[-45.853678,-19.741838],[-45.853228,-19.741655],[-45.852728,-19.7414],[-45.852264,-19.741079],[-45.850663,-19.739973],[-45.85008,-19.73973],[-45.849581,-19.73963],[-45.849134,-19.739599],[-45.848745,-19.739623],[-45.848355,-19.739709],[-45.846959,-19.740204],[-45.84577,-19.740661],[-45.845007,-19.740949],[-45.84422,-19.741243],[-45.843371,-19.741546],[-45.842982,-19.741689],[-45.842545,-19.74184],[-45.841648,-19.742164],[-45.840789,-19.742459],[-45.839686,-19.742898],[-45.839066,-19.743135],[-45.838542,-19.743318],[-45.837395,-19.743732],[-45.836286,-19.744258],[-45.835995,-19.744401],[-45.833851,-19.745456],[-45.831711,-19.746533],[-45.831304,-19.746691],[-45.831049,-19.746745],[-45.830812,-19.746786],[-45.83043,-19.746814],[-45.830045,-19.746814],[-45.82829,-19.746631],[-45.827465,-19.74657],[-45.827046,-19.746526],[-45.826826,-19.746507],[-45.826604,-19.746481],[-45.824961,-19.74638],[-45.824229,-19.746541],[-45.82352,-19.747007],[-45.822949,-19.747754],[-45.822409,-19.74859],[-45.822237,-19.748852],[-45.820204,-19.751848],[-45.81913,-19.753475],[-45.81873,-19.754313],[-45.818382,-19.755194],[-45.818154,-19.755894],[-45.817956,-19.756237],[-45.817715,-19.756565],[-45.817206,-19.757068],[-45.816395,-19.75748],[-45.816038,-19.757604],[-45.815834,-19.757662],[-45.815595,-19.7577],[-45.815043,-19.757748],[-45.814228,-19.757738],[-45.813426,-19.757763],[-45.81244,-19.75776],[-45.812326,-19.757761],[-45.809931,-19.757758],[-45.809292,-19.757778],[-45.808469,-19.757897],[-45.807731,-19.758096],[-45.806637,-19.758492],[-45.805801,-19.75879],[-45.80331,-19.759719],[-45.801948,-19.760203],[-45.801887,-19.760226],[-45.799719,-19.76103],[-45.798931,-19.761331],[-45.797183,-19.761976],[-45.794668,-19.7629],[-45.792111,-19.763844],[-45.792003,-19.763884],[-45.791147,-19.76419],[-45.790625,-19.76438],[-45.790518,-19.76443],[-45.789644,-19.764882],[-45.788999,-19.76526],[-45.788497,-19.765598],[-45.788042,-19.765927],[-45.787464,-19.766431],[-45.786786,-19.76711],[-45.785799,-19.768149],[-45.785557,-19.768388],[-45.785041,-19.76891],[-45.783514,-19.770507],[-45.782376,-19.771703],[-45.781907,-19.772154],[-45.781723,-19.772306],[-45.781495,-19.772448],[-45.781181,-19.772614],[-45.780986,-19.7727],[-45.780644,-19.772809],[-45.7802,-19.772893],[-45.779665,-19.772927],[-45.778596,-19.772869],[-45.778015,-19.772838],[-45.777208,-19.772793],[-45.776462,-19.772749],[-45.773699,-19.772629],[-45.773522,-19.772634],[-45.77332,-19.772652],[-45.772685,-19.772719],[-45.770969,-19.772963],[-45.76952,-19.773141],[-45.768292,-19.773351],[-45.764182,-19.773969],[-45.757976,-19.774883],[-45.756328,-19.775126],[-45.752769,-19.775673],[-45.750611,-19.776136],[-45.749265,-19.776425],[-45.739219,-19.779041],[-45.736158,-19.779818],[-45.732348,-19.780786],[-45.729161,-19.781595],[-45.726467,-19.782279],[-45.719244,-19.784114],[-45.717623,-19.784526],[-45.716756,-19.784746],[-45.715785,-19.784837],[-45.714786,-19.784799],[-45.70959,-19.784436],[-45.702399,-19.783995],[-45.701636,-19.783969],[-45.700122,-19.783875],[-45.696361,-19.783651],[-45.6908,-19.783302],[-45.690286,-19.78327],[-45.688407,-19.783163],[-45.687315,-19.783092],[-45.686458,-19.783039],[-45.686236,-19.783026],[-45.684885,-19.782945],[-45.684148,-19.782898],[-45.684093,-19.782894],[-45.683998,-19.782889],[-45.683751,-19.782931],[-45.683662,-19.78296],[-45.683582,-19.782998],[-45.683455,-19.783075],[-45.683417,-19.783107],[-45.683291,-19.783164],[-45.683178,-19.783173],[-45.683068,-19.783149],[-45.682971,-19.783092],[-45.682915,-19.783032],[-45.682873,-19.78296],[-45.682855,-19.782896],[-45.682852,-19.782824],[-45.68288,-19.78271],[-45.682952,-19.782609],[-45.682984,-19.782582],[-45.683038,-19.782501],[-45.683092,-19.782387],[-45.683123,-19.782293],[-45.683153,-19.78211],[-45.683082,-19.781471],[-45.683019,-19.780629],[-45.682925,-19.779366],[-45.682823,-19.778037],[-45.682771,-19.777211],[-45.682766,-19.777139],[-45.682531,-19.774367],[-45.682361,-19.772099],[-45.682255,-19.770826],[-45.682211,-19.770256],[-45.68215,-19.769514],[-45.682115,-19.769123],[-45.68204,-19.768569],[-45.68196,-19.768144],[-45.681844,-19.767689],[-45.681648,-19.767008],[-45.68145,-19.766439],[-45.681178,-19.765842],[-45.680869,-19.765228],[-45.680553,-19.764698],[-45.680528,-19.764662],[-45.680098,-19.764033],[-45.67824,-19.761433],[-45.677727,-19.760731],[-45.67716,-19.759924],[-45.676901,-19.759563],[-45.676773,-19.759384],[-45.676661,-19.759228],[-45.675246,-19.757256],[-45.674954,-19.756849],[-45.673684,-19.755082],[-45.673335,-19.754585],[-45.672927,-19.754025],[-45.672048,-19.752806],[-45.671813,-19.75245],[-45.671664,-19.752162],[-45.671557,-19.751847],[-45.671448,-19.751372],[-45.671365,-19.751077],[-45.67126,-19.750831],[-45.671182,-19.750729],[-45.67105,-19.750606],[-45.670727,-19.750455],[-45.670323,-19.75035],[-45.669455,-19.750171],[-45.667358,-19.749757],[-45.666772,-19.749614],[-45.666339,-19.74943],[-45.665958,-19.749169],[-45.665732,-19.748912],[-45.665565,-19.748672],[-45.665417,-19.74833],[-45.665347,-19.747901],[-45.665361,-19.747447],[-45.665537,-19.746328],[-45.665978,-19.743435],[-45.666254,-19.741726],[-45.66665,-19.739093],[-45.666796,-19.738259],[-45.667123,-19.736355],[-45.667209,-19.735648],[-45.667257,-19.73509],[-45.667217,-19.734072],[-45.667142,-19.733365],[-45.667053,-19.732894],[-45.666977,-19.732582],[-45.666871,-19.732165],[-45.666693,-19.731616],[-45.666557,-19.731242],[-45.666301,-19.730537],[-45.665781,-19.729016],[-45.665188,-19.727289],[-45.664178,-19.724332],[-45.664131,-19.724195],[-45.663905,-19.723544],[-45.663474,-19.722298],[-45.663365,-19.721983],[-45.662927,-19.720715],[-45.662397,-19.719228],[-45.662211,-19.718722],[-45.662039,-19.718278],[-45.66167,-19.717461],[-45.661395,-19.716951],[-45.660553,-19.715382],[-45.659688,-19.713798],[-45.659545,-19.713521],[-45.659361,-19.713089],[-45.659268,-19.712747],[-45.65922,-19.712343],[-45.659229,-19.712023],[-45.659295,-19.711655],[-45.659408,-19.711276],[-45.65959,-19.710857],[-45.659815,-19.710391],[-45.660299,-19.709424],[-45.66064,-19.708743],[-45.661307,-19.707462],[-45.661499,-19.707034],[-45.661693,-19.706485],[-45.661771,-19.706206],[-45.661815,-19.706002],[-45.66187,-19.705668],[-45.661906,-19.705397],[-45.661925,-19.705151],[-45.661936,-19.704928],[-45.661936,-19.704714],[-45.661932,-19.704524],[-45.661917,-19.704345],[-45.661895,-19.704139],[-45.661857,-19.703863],[-45.66181,-19.703619],[-45.661739,-19.703331],[-45.661682,-19.703115],[-45.661594,-19.702853],[-45.661501,-19.702597],[-45.661394,-19.702372],[-45.6613,-19.70217],[-45.661202,-19.701977],[-45.661072,-19.701745],[-45.660894,-19.701419],[-45.660314,-19.700448],[-45.65908,-19.698377],[-45.657667,-19.696011],[-45.656876,-19.69468],[-45.656436,-19.69393],[-45.656168,-19.693435],[-45.65606,-19.693206],[-45.65594,-19.692956],[-45.655779,-19.692564],[-45.655626,-19.692127],[-45.655454,-19.691559],[-45.655237,-19.690819],[-45.655081,-19.690266],[-45.65488,-19.689526],[-45.654617,-19.688635],[-45.654349,-19.687716],[-45.654188,-19.687165],[-45.65394,-19.686275],[-45.653416,-19.684445],[-45.653167,-19.683607],[-45.653048,-19.683205],[-45.652807,-19.682303],[-45.652697,-19.681849],[-45.652638,-19.681526],[-45.652582,-19.681154],[-45.65256,-19.680745],[-45.652536,-19.680265],[-45.652547,-19.679765],[-45.652584,-19.678816],[-45.652659,-19.677268],[-45.652697,-19.676048],[-45.65274,-19.674633],[-45.652783,-19.673802],[-45.652844,-19.6726],[-45.652872,-19.671666],[-45.652886,-19.671207],[-45.652946,-19.669537],[-45.653016,-19.668173],[-45.653067,-19.667145],[-45.653118,-19.665713],[-45.653158,-19.66489],[-45.653166,-19.664593],[-45.653172,-19.664373],[-45.653182,-19.664063],[-45.65319,-19.663715],[-45.653172,-19.66324],[-45.653158,-19.662879],[-45.653131,-19.662576],[-45.653091,-19.662257],[-45.65304,-19.661929],[-45.652976,-19.661573],[-45.652906,-19.661285],[-45.65274,-19.660613],[-45.652477,-19.659613],[-45.652222,-19.658663],[-45.65192,-19.657475],[-45.651865,-19.657259],[-45.651814,-19.657059],[-45.651409,-19.655518],[-45.651071,-19.654263],[-45.650685,-19.652752],[-45.650479,-19.651967],[-45.648254,-19.643371],[-45.647952,-19.642256],[-45.647693,-19.641412],[-45.647538,-19.641025],[-45.647349,-19.640592],[-45.647024,-19.639953],[-45.646791,-19.639547],[-45.646615,-19.639275],[-45.646367,-19.63891],[-45.646146,-19.638622],[-45.642734,-19.634352],[-45.642457,-19.633988],[-45.642176,-19.633572],[-45.641928,-19.63313],[-45.641744,-19.632698],[-45.641574,-19.632244],[-45.641403,-19.631645],[-45.641306,-19.630966],[-45.641297,-19.630826],[-45.641294,-19.630545],[-45.641304,-19.630207],[-45.641322,-19.629896],[-45.641328,-19.629619],[-45.641341,-19.62942],[-45.641364,-19.628962],[-45.641372,-19.628703],[-45.641674,-19.621829],[-45.641703,-19.62122],[-45.641663,-19.620535],[-45.641599,-19.620024],[-45.641456,-19.619506],[-45.641342,-19.619083],[-45.641082,-19.618516],[-45.640543,-19.61757],[-45.638595,-19.614605],[-45.6383,-19.614165],[-45.637964,-19.613708],[-45.637332,-19.613056],[-45.636744,-19.61256],[-45.635982,-19.612048],[-45.632372,-19.609954],[-45.631888,-19.60965],[-45.631386,-19.609257],[-45.630883,-19.608807],[-45.630472,-19.60839],[-45.629919,-19.607686],[-45.629631,-19.607217],[-45.629311,-19.606605],[-45.625589,-19.598125],[-45.624941,-19.596653],[-45.624769,-19.596157],[-45.624672,-19.595728],[-45.624659,-19.59533],[-45.624705,-19.595],[-45.624792,-19.59465],[-45.62492,-19.594286],[-45.62513,-19.593934],[-45.626699,-19.59194],[-45.62731,-19.591139],[-45.627726,-19.590477],[-45.627911,-19.590048],[-45.628121,-19.589502],[-45.628269,-19.588971],[-45.628367,-19.58848],[-45.628403,-19.588091],[-45.628407,-19.587402],[-45.628327,-19.586393],[-45.626844,-19.572478],[-45.626285,-19.567232],[-45.626104,-19.565466],[-45.625919,-19.564365],[-45.625724,-19.563492],[-45.622534,-19.550632],[-45.622432,-19.550254],[-45.622317,-19.549935],[-45.62212,-19.549564],[-45.621861,-19.549185],[-45.620863,-19.548223],[-45.61984,-19.547158],[-45.619415,-19.546453],[-45.619089,-19.545864],[-45.618713,-19.544766],[-45.617844,-19.540442],[-45.616851,-19.535988],[-45.616722,-19.535389],[-45.616591,-19.534779],[-45.61525,-19.528345],[-45.615106,-19.527605],[-45.61495,-19.526948],[-45.614831,-19.526193],[-45.61362,-19.516919],[-45.613543,-19.51647],[-45.613423,-19.516053],[-45.613282,-19.515713],[-45.613034,-19.515371],[-45.612806,-19.515117],[-45.611809,-19.514293],[-45.611499,-19.513955],[-45.611327,-19.513632],[-45.611233,-19.513239],[-45.611225,-19.512903],[-45.611299,-19.51251],[-45.611463,-19.512161],[-45.612369,-19.510846],[-45.612653,-19.510366],[-45.612781,-19.510043],[-45.612837,-19.509712],[-45.612842,-19.509377],[-45.612806,-19.508953],[-45.61272,-19.508508],[-45.612552,-19.50764],[-45.609963,-19.495103],[-45.609907,-19.494724],[-45.609936,-19.494419],[-45.609968,-19.494209],[-45.610093,-19.493906],[-45.61027,-19.493634],[-45.610507,-19.493401],[-45.610773,-19.493208],[-45.611626,-19.492695],[-45.611879,-19.492521],[-45.612082,-19.492306],[-45.612217,-19.492121],[-45.612339,-19.491847],[-45.612395,-19.491489],[-45.612465,-19.488405],[-45.612521,-19.48662],[-45.612526,-19.48645],[-45.612501,-19.486208],[-45.612488,-19.486125],[-45.612467,-19.486039],[-45.612399,-19.485828],[-45.61234,-19.485676],[-45.612304,-19.485598],[-45.612207,-19.485397],[-45.612021,-19.485135],[-45.611905,-19.485007],[-45.611839,-19.484945],[-45.611724,-19.484847],[-45.611586,-19.484738],[-45.6114,-19.484623],[-45.611003,-19.484424],[-45.605113,-19.482151],[-45.604521,-19.481933],[-45.603879,-19.481724],[-45.60315,-19.481561],[-45.602601,-19.481506],[-45.601948,-19.481511],[-45.601489,-19.481536],[-45.600462,-19.481665],[-45.59945,-19.481805],[-45.598607,-19.481932],[-45.597958,-19.481988],[-45.597362,-19.481962],[-45.596802,-19.481862],[-45.596181,-19.481665],[-45.595766,-19.481491],[-45.595358,-19.481281],[-45.595051,-19.481068],[-45.59496,-19.48099],[-45.594829,-19.480889],[-45.594603,-19.480689],[-45.594325,-19.48041],[-45.593981,-19.479971],[-45.593698,-19.479626],[-45.593474,-19.479396],[-45.593213,-19.47918],[-45.592741,-19.478876],[-45.592184,-19.478562],[-45.592129,-19.478528],[-45.591382,-19.478075],[-45.591018,-19.477823],[-45.590614,-19.477524],[-45.589909,-19.476834],[-45.589845,-19.476768],[-45.589403,-19.4762],[-45.587585,-19.47322],[-45.585956,-19.470549],[-45.585448,-19.469729],[-45.585023,-19.469039],[-45.584815,-19.468681],[-45.584692,-19.468528],[-45.584577,-19.468375],[-45.583184,-19.466694],[-45.581667,-19.464763],[-45.580595,-19.463209],[-45.580005,-19.462268],[-45.578635,-19.459756],[-45.578431,-19.459381],[-45.578388,-19.459232],[-45.578316,-19.458981],[-45.578319,-19.458725],[-45.578326,-19.458691],[-45.578352,-19.458577],[-45.578402,-19.458419],[-45.578411,-19.45839],[-45.57848,-19.458274],[-45.578646,-19.458095],[-45.578844,-19.457947],[-45.581329,-19.456918],[-45.581971,-19.456608],[-45.582474,-19.456312],[-45.582716,-19.456134],[-45.582924,-19.455965],[-45.584219,-19.454812],[-45.585065,-19.454055],[-45.586232,-19.453056],[-45.586868,-19.452491],[-45.586932,-19.452432],[-45.587066,-19.452287],[-45.587178,-19.452139],[-45.587231,-19.452069],[-45.587268,-19.452008],[-45.587295,-19.45196],[-45.58731,-19.45193],[-45.58738,-19.451766],[-45.587401,-19.451699],[-45.587444,-19.451557],[-45.587529,-19.451327],[-45.58752,-19.451277],[-45.58751,-19.45123],[-45.587504,-19.451182],[-45.587503,-19.451123],[-45.587498,-19.450854],[-45.587486,-19.450744],[-45.587466,-19.450645],[-45.587439,-19.450556],[-45.587335,-19.45021],[-45.587326,-19.450179],[-45.58732,-19.450145],[-45.587156,-19.449863],[-45.586541,-19.448823],[-45.586495,-19.448744],[-45.584047,-19.444667],[-45.58356,-19.443832],[-45.583088,-19.443005],[-45.582876,-19.442695],[-45.58273,-19.442532],[-45.582566,-19.44236],[-45.582254,-19.442129],[-45.582087,-19.442022],[-45.581911,-19.441946],[-45.581393,-19.441744],[-45.577686,-19.4404],[-45.577028,-19.440158],[-45.576964,-19.440135],[-45.576725,-19.440018],[-45.576503,-19.439873],[-45.575127,-19.438935],[-45.573195,-19.437629],[-45.569793,-19.435328],[-45.56931,-19.434961],[-45.569014,-19.434635],[-45.568823,-19.434234],[-45.568742,-19.433801],[-45.568584,-19.433038],[-45.566336,-19.422444],[-45.566203,-19.421957],[-45.566021,-19.421583],[-45.565807,-19.421256],[-45.56246,-19.416654],[-45.558937,-19.411745],[-45.554527,-19.40565],[-45.550065,-19.400193],[-45.54394,-19.39291],[-45.540778,-19.389205],[-45.539369,-19.387629],[-45.538543,-19.386754],[-45.537015,-19.385142],[-45.536182,-19.384258],[-45.535632,-19.383572],[-45.535317,-19.383065],[-45.535111,-19.382624],[-45.534941,-19.38212],[-45.534827,-19.381649],[-45.534776,-19.381307],[-45.534749,-19.380908],[-45.534759,-19.379422],[-45.534875,-19.37116],[-45.534894,-19.369798],[-45.53492,-19.368256],[-45.534925,-19.36797],[-45.534947,-19.366115],[-45.534975,-19.364217],[-45.534983,-19.363534],[-45.535005,-19.363203],[-45.535038,-19.362934],[-45.535077,-19.362662],[-45.535156,-19.362313],[-45.535236,-19.362029],[-45.535367,-19.361629],[-45.535525,-19.361238],[-45.535658,-19.360942],[-45.53584,-19.360635],[-45.535995,-19.360386],[-45.536316,-19.359891],[-45.536683,-19.359324],[-45.53701,-19.358822],[-45.537508,-19.358041],[-45.537794,-19.357598],[-45.538125,-19.357072],[-45.538429,-19.356609],[-45.53871,-19.356148],[-45.538936,-19.355715],[-45.539091,-19.35534],[-45.539207,-19.354991],[-45.539318,-19.354584],[-45.539362,-19.35422],[-45.539394,-19.353919],[-45.539398,-19.353454],[-45.539363,-19.353044],[-45.539321,-19.352783],[-45.539275,-19.352517],[-45.539143,-19.351944],[-45.539019,-19.35147],[-45.538531,-19.349553],[-45.538118,-19.347975],[-45.538036,-19.347654],[-45.537493,-19.345526],[-45.534987,-19.335763],[-45.534744,-19.334995],[-45.534499,-19.334002],[-45.534426,-19.333706],[-45.534332,-19.333322],[-45.533635,-19.330615],[-45.533404,-19.32972],[-45.53317,-19.328825],[-45.533117,-19.328533],[-45.533075,-19.32825],[-45.53307,-19.327985],[-45.533093,-19.327696],[-45.533129,-19.327504],[-45.533193,-19.327265],[-45.533309,-19.326973],[-45.533487,-19.326656],[-45.533742,-19.326305],[-45.537076,-19.322264],[-45.537477,-19.321762],[-45.538185,-19.320574],[-45.54186,-19.313711],[-45.544813,-19.308196],[-45.546177,-19.30566],[-45.546359,-19.305321],[-45.547468,-19.303228],[-45.548091,-19.301958],[-45.548265,-19.301603],[-45.550073,-19.297855],[-45.550812,-19.296326],[-45.552388,-19.293066],[-45.552701,-19.292388],[-45.552943,-19.291668],[-45.553101,-19.290984],[-45.553196,-19.290172],[-45.553256,-19.289165],[-45.553261,-19.289086],[-45.553275,-19.28887],[-45.553281,-19.288554],[-45.553287,-19.288391],[-45.55329,-19.288344],[-45.553298,-19.288215],[-45.553424,-19.285334],[-45.55346,-19.284163],[-45.55343,-19.283702],[-45.553363,-19.283269],[-45.553246,-19.282799],[-45.55308,-19.282332],[-45.55287,-19.28186],[-45.55254,-19.281309],[-45.552385,-19.28107],[-45.550813,-19.278612],[-45.550574,-19.278207],[-45.550444,-19.277947],[-45.550369,-19.277707],[-45.550325,-19.277303],[-45.550349,-19.276774],[-45.550435,-19.275496],[-45.550516,-19.274311],[-45.550588,-19.273314],[-45.550627,-19.27284],[-45.550655,-19.272367],[-45.550683,-19.271916],[-45.550696,-19.27145],[-45.550695,-19.271223],[-45.550687,-19.271143],[-45.550674,-19.270828],[-45.55062,-19.270222],[-45.550502,-19.269374],[-45.550395,-19.268374],[-45.550302,-19.267693],[-45.550232,-19.267429],[-45.550183,-19.267288],[-45.550067,-19.266971],[-45.550004,-19.26686],[-45.549774,-19.266569],[-45.549701,-19.266471],[-45.549582,-19.266329],[-45.549436,-19.266174],[-45.549342,-19.266088],[-45.549099,-19.26589],[-45.548325,-19.265428],[-45.547997,-19.265224],[-45.547539,-19.264951],[-45.547193,-19.264785],[-45.546919,-19.264668],[-45.546657,-19.26457],[-45.546355,-19.26448],[-45.546117,-19.264414],[-45.545882,-19.264361],[-45.545854,-19.264355],[-45.545509,-19.264303],[-45.545327,-19.264285],[-45.545077,-19.264262],[-45.544299,-19.264234],[-45.543343,-19.264217],[-45.542813,-19.264187],[-45.54254,-19.264158],[-45.542323,-19.264134],[-45.541912,-19.264052],[-45.541458,-19.263932],[-45.541024,-19.263775],[-45.540385,-19.263528],[-45.539709,-19.263272],[-45.538389,-19.262785],[-45.537027,-19.262277],[-45.536298,-19.262002],[-45.535596,-19.261748],[-45.534366,-19.261284],[-45.531891,-19.260363],[-45.530261,-19.259753],[-45.529621,-19.259492],[-45.528354,-19.259033],[-45.527616,-19.258759],[-45.52618,-19.258221],[-45.525737,-19.258005],[-45.525431,-19.257813],[-45.525099,-19.257572],[-45.524686,-19.257231],[-45.524321,-19.256863],[-45.524007,-19.256499],[-45.523776,-19.256142],[-45.523224,-19.255276],[-45.52118,-19.252048],[-45.518282,-19.247379],[-45.517886,-19.246669],[-45.517688,-19.246269],[-45.517548,-19.245899],[-45.517361,-19.245443],[-45.517221,-19.244931],[-45.516433,-19.24244],[-45.515011,-19.237993],[-45.514885,-19.237631],[-45.5147,-19.237243],[-45.514475,-19.236818],[-45.514171,-19.236354],[-45.513796,-19.235909],[-45.513474,-19.235572],[-45.513155,-19.235268],[-45.512863,-19.235002],[-45.511495,-19.233751],[-45.509883,-19.232261],[-45.508769,-19.231233],[-45.507924,-19.230442],[-45.507563,-19.230119],[-45.507162,-19.229812],[-45.506433,-19.229364],[-45.505369,-19.228699],[-45.503237,-19.227385],[-45.502675,-19.226995],[-45.502241,-19.226644],[-45.500414,-19.225125],[-45.499713,-19.224578],[-45.4989,-19.224149],[-45.497519,-19.223546],[-45.496603,-19.22314],[-45.49502,-19.222485],[-45.491257,-19.220928],[-45.489962,-19.220409],[-45.485205,-19.218502],[-45.484746,-19.218318],[-45.483599,-19.217858],[-45.483001,-19.217618],[-45.482301,-19.217331],[-45.48174,-19.217008],[-45.481261,-19.216698],[-45.480928,-19.216453],[-45.480677,-19.216209],[-45.480176,-19.215692],[-45.479827,-19.215266],[-45.479484,-19.214725],[-45.479094,-19.214071],[-45.475699,-19.208459],[-45.475003,-19.207345],[-45.474816,-19.207048],[-45.474697,-19.206906],[-45.474244,-19.20637],[-45.473868,-19.206016],[-45.473474,-19.20568],[-45.473043,-19.205394],[-45.472484,-19.205047],[-45.467496,-19.202179],[-45.467186,-19.201999],[-45.467104,-19.201951],[-45.466623,-19.201677],[-45.465589,-19.201071],[-45.465413,-19.200971],[-45.46506,-19.2008],[-45.464684,-19.200648],[-45.46428,-19.20049],[-45.461526,-19.199768],[-45.461207,-19.199684],[-45.457511,-19.198708],[-45.454392,-19.197884],[-45.449128,-19.196558],[-45.448575,-19.196373],[-45.448153,-19.196201],[-45.447887,-19.196073],[-45.44748,-19.195843],[-45.447084,-19.195583],[-45.446538,-19.195156],[-45.446097,-19.194721],[-45.445554,-19.194095],[-45.443341,-19.191211],[-45.442744,-19.190427],[-45.442113,-19.189604],[-45.441801,-19.189206],[-45.441524,-19.188868],[-45.441343,-19.188645],[-45.441288,-19.188576],[-45.440144,-19.187126],[-45.438077,-19.184685],[-45.435846,-19.182096],[-45.435301,-19.181479],[-45.435097,-19.181246],[-45.435037,-19.181184],[-45.434692,-19.180823],[-45.434399,-19.180568],[-45.434144,-19.180367],[-45.433674,-19.180061],[-45.43342,-19.17992],[-45.432992,-19.179715],[-45.432372,-19.179477],[-45.431922,-19.17933],[-45.431753,-19.179281],[-45.43044,-19.178849],[-45.429992,-19.178697],[-45.428624,-19.178191],[-45.428384,-19.178124],[-45.428082,-19.178072],[-45.427774,-19.178045],[-45.427615,-19.178042],[-45.427536,-19.178041],[-45.427416,-19.178037],[-45.427176,-19.178036],[-45.426948,-19.178049],[-45.426697,-19.178079],[-45.426464,-19.178101],[-45.425935,-19.178195],[-45.425604,-19.178291],[-45.423693,-19.178841],[-45.42352,-19.178894],[-45.423321,-19.178989],[-45.423153,-19.179089],[-45.422986,-19.179238],[-45.422844,-19.179419],[-45.4226,-19.179783],[-45.422498,-19.179962],[-45.422331,-19.180146],[-45.422173,-19.180255],[-45.422015,-19.180348],[-45.42185,-19.18041],[-45.421661,-19.180454],[-45.421484,-19.18047],[-45.421288,-19.180471],[-45.421048,-19.180413],[-45.420879,-19.180352],[-45.420675,-19.180239],[-45.420506,-19.180127],[-45.420165,-19.179877],[-45.419892,-19.179683],[-45.419673,-19.179552],[-45.419546,-19.179477],[-45.419248,-19.179349],[-45.419023,-19.179259],[-45.418315,-19.178997],[-45.414998,-19.177791],[-45.413573,-19.177261],[-45.412878,-19.177001],[-45.412119,-19.176742],[-45.41142,-19.176494],[-45.411199,-19.176401],[-45.411077,-19.176341],[-45.410978,-19.176275],[-45.410898,-19.176221],[-45.410814,-19.176152],[-45.41072,-19.176073],[-45.410548,-19.175919],[-45.410422,-19.175781],[-45.410353,-19.175681],[-45.41029,-19.175563],[-45.41018,-19.175289],[-45.410126,-19.175202],[-45.409821,-19.174552],[-45.409741,-19.174348],[-45.409715,-19.174226],[-45.40967,-19.174133],[-45.409518,-19.173952],[-45.409396,-19.173862],[-45.409247,-19.173781],[-45.409087,-19.173708],[-45.408164,-19.173734],[-45.40743,-19.173774],[-45.403915,-19.173914],[-45.403411,-19.173928],[-45.401615,-19.173998],[-45.400976,-19.174026],[-45.4004,-19.174047],[-45.400023,-19.174063],[-45.399482,-19.174085],[-45.399066,-19.174121],[-45.398641,-19.174169],[-45.398327,-19.174228],[-45.397887,-19.174339],[-45.397379,-19.1745],[-45.39706,-19.174624],[-45.39673,-19.174764],[-45.396215,-19.175018],[-45.394934,-19.175682],[-45.394251,-19.175998],[-45.392698,-19.17677],[-45.391615,-19.177296],[-45.390232,-19.178004],[-45.388881,-19.178674],[-45.388597,-19.178812],[-45.3884,-19.178908],[-45.386958,-19.17965],[-45.386285,-19.17997],[-45.385843,-19.180179],[-45.385277,-19.180488],[-45.385071,-19.180621],[-45.384634,-19.180917],[-45.384416,-19.181073],[-45.383851,-19.181515],[-45.383694,-19.181652],[-45.38319,-19.182106],[-45.383104,-19.182191],[-45.382944,-19.182359],[-45.382604,-19.182734],[-45.381454,-19.183965],[-45.380064,-19.185497],[-45.378841,-19.186789],[-45.378335,-19.18731],[-45.378141,-19.187525],[-45.37758,-19.188113],[-45.376204,-19.189601],[-45.375112,-19.190783],[-45.373086,-19.192969],[-45.372749,-19.193331],[-45.372264,-19.193878],[-45.371959,-19.1942],[-45.371672,-19.194494],[-45.367524,-19.198938],[-45.36747,-19.198996],[-45.366419,-19.200134],[-45.363323,-19.203442],[-45.36293,-19.203862],[-45.360095,-19.206874],[-45.35702,-19.210141],[-45.356517,-19.210697],[-45.354573,-19.212772],[-45.35368,-19.213709],[-45.347111,-19.220626],[-45.343216,-19.22472],[-45.341502,-19.226522],[-45.340678,-19.227288],[-45.340217,-19.227657],[-45.339727,-19.227992],[-45.339085,-19.22839],[-45.338251,-19.228833],[-45.33699,-19.229433],[-45.336813,-19.229517],[-45.334327,-19.230674],[-45.3301,-19.232664],[-45.329091,-19.233262],[-45.328119,-19.233998],[-45.319646,-19.241569],[-45.318959,-19.242186],[-45.318344,-19.242739],[-45.316478,-19.244417],[-45.315809,-19.245018],[-45.314073,-19.246551],[-45.310862,-19.249414],[-45.309337,-19.250779],[-45.309257,-19.25085],[-45.306954,-19.252911],[-45.306331,-19.253479],[-45.30279,-19.256621],[-45.301544,-19.257726],[-45.29683,-19.261908],[-45.295622,-19.26298],[-45.290364,-19.267644],[-45.289701,-19.268233],[-45.289154,-19.268718],[-45.288533,-19.269269],[-45.28839,-19.269396],[-45.28326,-19.274035],[-45.282855,-19.274392],[-45.28223,-19.274939],[-45.281742,-19.275382],[-45.281219,-19.275833],[-45.280901,-19.276112],[-45.280728,-19.276263],[-45.280138,-19.276777],[-45.279564,-19.277304],[-45.278912,-19.277891],[-45.278344,-19.278375],[-45.278027,-19.278656],[-45.277517,-19.279109],[-45.276978,-19.279573],[-45.276557,-19.27995],[-45.27617,-19.280303],[-45.275055,-19.281325],[-45.274224,-19.282066],[-45.273835,-19.282368],[-45.273537,-19.282608],[-45.273111,-19.282897],[-45.27269,-19.283137],[-45.272193,-19.28336],[-45.271684,-19.283547],[-45.271018,-19.28372],[-45.269873,-19.283882],[-45.268634,-19.284064],[-45.268132,-19.284127],[-45.267789,-19.284168],[-45.267312,-19.284284],[-45.266845,-19.284477],[-45.266488,-19.284671],[-45.266185,-19.284897],[-45.265944,-19.285158],[-45.265802,-19.285325],[-45.26552,-19.285732],[-45.265246,-19.286198],[-45.265064,-19.286507],[-45.264747,-19.287039],[-45.264375,-19.287651],[-45.264023,-19.288221],[-45.263742,-19.288699],[-45.263574,-19.288986],[-45.263302,-19.289449],[-45.262905,-19.290102],[-45.262551,-19.290704],[-45.262186,-19.291239],[-45.261835,-19.291656],[-45.261588,-19.291955],[-45.261317,-19.292228],[-45.261035,-19.29252],[-45.260612,-19.29296],[-45.260097,-19.293474],[-45.259767,-19.293806],[-45.259386,-19.294213],[-45.258978,-19.294641],[-45.258613,-19.295016],[-45.2582,-19.295423],[-45.257787,-19.295856],[-45.257342,-19.296312],[-45.25687,-19.296811],[-45.256744,-19.296935],[-45.256524,-19.297152],[-45.256095,-19.297598],[-45.255738,-19.29796],[-45.255352,-19.298367],[-45.25521,-19.298519],[-45.255051,-19.298689],[-45.254949,-19.29879],[-45.25467,-19.299066],[-45.254295,-19.299461],[-45.253826,-19.299939],[-45.253353,-19.3004],[-45.253029,-19.300727],[-45.252683,-19.301094],[-45.252436,-19.301352],[-45.252152,-19.301643],[-45.251862,-19.301934],[-45.2515,-19.302296],[-45.251092,-19.302719],[-45.250698,-19.303137],[-45.250293,-19.303549],[-45.249883,-19.303952],[-45.249488,-19.304375],[-45.249134,-19.304752],[-45.248839,-19.305058],[-45.248717,-19.305178],[-45.248576,-19.305316],[-45.248255,-19.305655],[-45.247761,-19.306167],[-45.247241,-19.306686],[-45.246793,-19.307149],[-45.246254,-19.307686],[-45.245897,-19.308065],[-45.245398,-19.308602],[-45.245063,-19.308929],[-45.244618,-19.309397],[-45.244215,-19.309794],[-45.243644,-19.310376],[-45.243314,-19.310718],[-45.242949,-19.3111],[-45.242509,-19.311523],[-45.24129,-19.312794],[-45.240262,-19.313859],[-45.239676,-19.314473],[-45.238341,-19.315845],[-45.237583,-19.316624],[-45.237344,-19.316861],[-45.236448,-19.317763],[-45.235267,-19.319009],[-45.235131,-19.319379],[-45.235148,-19.319443],[-45.235149,-19.319509],[-45.235127,-19.319597],[-45.235079,-19.319674],[-45.23501,-19.319735],[-45.234932,-19.319773],[-45.234846,-19.319789],[-45.234758,-19.319783],[-45.23471,-19.31977],[-45.234637,-19.319734],[-45.234576,-19.319681],[-45.234531,-19.319616],[-45.234505,-19.319542],[-45.234499,-19.319473],[-45.234435,-19.319333],[-45.23423,-19.319047],[-45.233584,-19.318564],[-45.233361,-19.318398],[-45.230098,-19.315964],[-45.22586,-19.312873],[-45.225266,-19.312376],[-45.222905,-19.310633],[-45.221367,-19.309494],[-45.220234,-19.308654],[-45.219151,-19.307856],[-45.218031,-19.307037],[-45.216572,-19.305966],[-45.216416,-19.30585],[-45.214319,-19.304297],[-45.2119,-19.302513],[-45.211229,-19.302017],[-45.210319,-19.301338],[-45.20963,-19.300836],[-45.208218,-19.299787],[-45.207549,-19.299296],[-45.206883,-19.298793],[-45.206448,-19.298488],[-45.205929,-19.298098],[-45.205237,-19.297597],[-45.204537,-19.297079],[-45.204059,-19.296718],[-45.203963,-19.296645],[-45.203487,-19.296302],[-45.202697,-19.29571],[-45.200716,-19.294253],[-45.196682,-19.291258],[-45.195439,-19.290344],[-45.195348,-19.290277],[-45.194079,-19.289339],[-45.192262,-19.287994],[-45.190503,-19.286691],[-45.189506,-19.285953],[-45.188756,-19.285393],[-45.186942,-19.284081],[-45.18669,-19.283911],[-45.186529,-19.283809],[-45.186217,-19.28363],[-45.185824,-19.283408],[-45.185532,-19.283262],[-45.185072,-19.283054],[-45.184633,-19.282876],[-45.184308,-19.282747],[-45.18353,-19.282525],[-45.183199,-19.282442],[-45.182632,-19.282332],[-45.181612,-19.282195],[-45.179695,-19.282011],[-45.175722,-19.281585],[-45.169669,-19.28096],[-45.165806,-19.280575],[-45.163813,-19.28036],[-45.162826,-19.280243],[-45.162389,-19.280228],[-45.161804,-19.280276],[-45.161378,-19.280337],[-45.160959,-19.280423],[-45.160479,-19.280568],[-45.16003,-19.28074],[-45.158266,-19.281519],[-45.157953,-19.281646],[-45.157561,-19.281793],[-45.157051,-19.281957],[-45.156475,-19.282074],[-45.155756,-19.282163],[-45.155209,-19.282203],[-45.154656,-19.282213],[-45.150856,-19.282132],[-45.142216,-19.281978],[-45.140875,-19.281957],[-45.140451,-19.281925],[-45.14018,-19.281879],[-45.139504,-19.281735],[-45.138795,-19.281548],[-45.138075,-19.281264],[-45.137422,-19.280957],[-45.136838,-19.28059],[-45.136353,-19.280218],[-45.135865,-19.279811],[-45.135436,-19.279373],[-45.135071,-19.278993],[-45.133601,-19.277464],[-45.133373,-19.277289],[-45.133129,-19.277165],[-45.132906,-19.277079],[-45.132654,-19.277013],[-45.132418,-19.276993],[-45.132185,-19.276982],[-45.131895,-19.277013],[-45.131352,-19.277116],[-45.130245,-19.277327],[-45.12906,-19.277593],[-45.128749,-19.277655],[-45.12843,-19.277686],[-45.128023,-19.277705],[-45.127691,-19.277681],[-45.12722,-19.277603],[-45.123838,-19.276768],[-45.122869,-19.276529],[-45.121961,-19.276304],[-45.121316,-19.276146],[-45.120261,-19.27592],[-45.119369,-19.275709],[-45.118267,-19.275423],[-45.117081,-19.275146],[-45.111804,-19.273868],[-45.110932,-19.273657],[-45.110029,-19.273439],[-45.107496,-19.272835],[-45.106547,-19.272575],[-45.106044,-19.2724],[-45.10557,-19.272209],[-45.105135,-19.272014],[-45.104559,-19.271728],[-45.103956,-19.271371],[-45.103328,-19.270941],[-45.101035,-19.269051],[-45.099872,-19.268065],[-45.096806,-19.265477],[-45.095414,-19.264315],[-45.094363,-19.263409],[-45.092437,-19.261788],[-45.091268,-19.260826],[-45.090197,-19.259922],[-45.089422,-19.259271],[-45.088483,-19.258486],[-45.08726,-19.257448],[-45.086273,-19.256625],[-45.084549,-19.255207],[-45.083551,-19.254369],[-45.083199,-19.254096],[-45.082904,-19.253884],[-45.082651,-19.253721],[-45.082393,-19.253566],[-45.082166,-19.253445],[-45.081837,-19.253297],[-45.081486,-19.25316],[-45.081193,-19.253069],[-45.080839,-19.252975],[-45.08046,-19.252913],[-45.080147,-19.25287],[-45.079833,-19.252844],[-45.079552,-19.25283],[-45.079298,-19.252832],[-45.078972,-19.252847],[-45.078582,-19.252893],[-45.078295,-19.25294],[-45.078064,-19.25299],[-45.077854,-19.253046],[-45.077456,-19.253171],[-45.073924,-19.254393],[-45.071594,-19.255169],[-45.070751,-19.255455],[-45.069459,-19.255896],[-45.069021,-19.256002],[-45.068493,-19.256101],[-45.068042,-19.256147],[-45.067443,-19.256168],[-45.06686,-19.256118],[-45.066218,-19.25599],[-45.06323,-19.255311],[-45.059901,-19.254603],[-45.059255,-19.254465],[-45.056817,-19.253917],[-45.055187,-19.253556],[-45.05454,-19.253369],[-45.053473,-19.252893],[-45.052582,-19.252417],[-45.051713,-19.25185],[-45.050957,-19.251242],[-45.049498,-19.249743],[-45.048847,-19.249061],[-45.047309,-19.247449],[-45.045721,-19.245787],[-45.045297,-19.245418],[-45.044423,-19.24478],[-45.043806,-19.244435],[-45.042234,-19.243731],[-45.033871,-19.240115],[-45.033189,-19.239821],[-45.027308,-19.237289],[-45.026927,-19.237165],[-45.025991,-19.236894],[-45.025218,-19.236757],[-45.024419,-19.236716],[-45.020921,-19.236841],[-45.019325,-19.236896],[-45.017343,-19.236972],[-45.016352,-19.237018],[-45.016257,-19.237023],[-45.01534,-19.237063],[-45.014173,-19.237091],[-45.01354,-19.237109],[-45.012726,-19.237143],[-45.012563,-19.23715],[-45.012374,-19.237158],[-45.008548,-19.237295],[-45.008415,-19.237297],[-45.008095,-19.237284],[-45.007394,-19.237239],[-45.00676,-19.237152],[-45.006142,-19.236994],[-45.005574,-19.236782],[-45.004442,-19.236291],[-45.003718,-19.235871],[-45.00324,-19.235552],[-45.003195,-19.235521],[-45.002773,-19.235212],[-45.002312,-19.234883],[-45.002167,-19.234777],[-45.002052,-19.23469],[-45.001489,-19.2343],[-45.000718,-19.233778],[-44.999814,-19.233141],[-44.999421,-19.232864],[-44.999035,-19.232592],[-44.998437,-19.23217],[-44.997875,-19.231774],[-44.996937,-19.231113],[-44.995301,-19.22996],[-44.994396,-19.229287],[-44.994342,-19.229276],[-44.994078,-19.229095],[-44.993909,-19.229013],[-44.993784,-19.228967],[-44.993648,-19.228945],[-44.993615,-19.228949],[-44.99355,-19.228946],[-44.993488,-19.228931],[-44.99343,-19.228903],[-44.993379,-19.228864],[-44.993339,-19.228817],[-44.993309,-19.228761],[-44.993232,-19.228663],[-44.99308,-19.228509],[-44.992921,-19.228388],[-44.992457,-19.228159],[-44.992007,-19.227959],[-44.991835,-19.227891],[-44.991354,-19.227736],[-44.990973,-19.227645],[-44.99075,-19.227593],[-44.990465,-19.227537],[-44.990144,-19.22749],[-44.989582,-19.227431],[-44.989063,-19.227417],[-44.988712,-19.227425],[-44.987982,-19.227468],[-44.987387,-19.227507],[-44.986763,-19.227541],[-44.986138,-19.227595],[-44.986087,-19.227599],[-44.981466,-19.227946],[-44.978446,-19.228167],[-44.977201,-19.228251],[-44.976989,-19.228268],[-44.976169,-19.228341],[-44.972597,-19.228658],[-44.972306,-19.228701],[-44.971103,-19.228927],[-44.96846,-19.229608],[-44.957042,-19.232644],[-44.951004,-19.234242],[-44.946675,-19.235391],[-44.945369,-19.235731],[-44.94418,-19.236026],[-44.943233,-19.236282],[-44.94311,-19.236315],[-44.940867,-19.23692],[-44.940349,-19.237046],[-44.939788,-19.237128],[-44.939418,-19.237148],[-44.938944,-19.237113],[-44.938629,-19.237059],[-44.938355,-19.236984],[-44.937467,-19.236755],[-44.935151,-19.236138],[-44.93254,-19.235427],[-44.929052,-19.234479],[-44.925954,-19.233645],[-44.923902,-19.23308],[-44.922342,-19.232672],[-44.921292,-19.232385],[-44.920632,-19.23219],[-44.920061,-19.231974],[-44.919598,-19.231755],[-44.918932,-19.231391],[-44.918035,-19.230885],[-44.916667,-19.230145],[-44.91564,-19.229655],[-44.912927,-19.228467],[-44.912095,-19.228111],[-44.909947,-19.227169],[-44.909821,-19.227111],[-44.909167,-19.226806],[-44.908971,-19.226715],[-44.908876,-19.226673],[-44.908366,-19.226447],[-44.907214,-19.225938],[-44.904975,-19.224968],[-44.903234,-19.224199],[-44.902023,-19.223671],[-44.900528,-19.223019],[-44.899942,-19.22276],[-44.893962,-19.220166],[-44.893778,-19.220085],[-44.890176,-19.218496],[-44.887105,-19.217155],[-44.884642,-19.216075],[-44.884094,-19.215833],[-44.878708,-19.21348],[-44.874664,-19.21171],[-44.872592,-19.210812],[-44.870746,-19.210008],[-44.866117,-19.207978],[-44.861833,-19.206106],[-44.854038,-19.202698],[-44.85168,-19.201672],[-44.845037,-19.198764],[-44.843051,-19.197903],[-44.841984,-19.197427],[-44.831907,-19.193043],[-44.831385,-19.192793],[-44.830877,-19.192508],[-44.82805,-19.190496],[-44.819072,-19.184108],[-44.818615,-19.183827],[-44.818145,-19.183585],[-44.817662,-19.18338],[-44.817165,-19.183215],[-44.816651,-19.183097],[-44.816145,-19.183005],[-44.815102,-19.182953],[-44.81458,-19.182985],[-44.813552,-19.183163],[-44.80437,-19.185588],[-44.794464,-19.188209],[-44.79179,-19.188916],[-44.790567,-19.189193],[-44.789528,-19.189272],[-44.788128,-19.189202],[-44.783382,-19.188856],[-44.72895,-19.184889],[-44.728925,-19.184887],[-44.728605,-19.184864],[-44.727234,-19.184764],[-44.726939,-19.184743],[-44.726414,-19.184704],[-44.726022,-19.184676],[-44.725601,-19.184645],[-44.713072,-19.183732],[-44.711607,-19.18356],[-44.710525,-19.183275],[-44.70971,-19.182948],[-44.708923,-19.182537],[-44.704243,-19.17919],[-44.703577,-19.178613],[-44.703008,-19.177965],[-44.702591,-19.177258],[-44.702243,-19.176532],[-44.701132,-19.173352],[-44.70075,-19.17229],[-44.699747,-19.169453],[-44.698847,-19.166893],[-44.698347,-19.165974],[-44.697989,-19.165428],[-44.697639,-19.164975],[-44.697169,-19.164496],[-44.696845,-19.164188],[-44.696237,-19.163743],[-44.695644,-19.163358],[-44.695014,-19.163011],[-44.694314,-19.162732],[-44.693515,-19.162453],[-44.690763,-19.161551],[-44.686371,-19.160139],[-44.682699,-19.158938],[-44.680966,-19.158365],[-44.67661,-19.156944],[-44.672512,-19.155612],[-44.671525,-19.155301],[-44.669815,-19.154781],[-44.668592,-19.154385],[-44.667253,-19.15395],[-44.664563,-19.153079],[-44.659005,-19.15127],[-44.655122,-19.150003],[-44.652767,-19.149215],[-44.652528,-19.149144],[-44.651965,-19.148956],[-44.651877,-19.148926],[-44.651267,-19.148733],[-44.650597,-19.148523],[-44.649894,-19.148301],[-44.649604,-19.148206],[-44.648789,-19.147938],[-44.64744,-19.147499],[-44.646211,-19.147099],[-44.644833,-19.146648],[-44.643872,-19.146349],[-44.64292,-19.146045],[-44.642008,-19.145736],[-44.641102,-19.145434],[-44.64093,-19.145371],[-44.640233,-19.145148],[-44.638913,-19.144715],[-44.637274,-19.144195],[-44.635485,-19.143607],[-44.633846,-19.143063],[-44.632334,-19.142596],[-44.630829,-19.142099],[-44.630617,-19.142029],[-44.629088,-19.141522],[-44.626167,-19.140574],[-44.624595,-19.140075],[-44.622868,-19.139482],[-44.621479,-19.139046],[-44.62061,-19.138788],[-44.620158,-19.138633],[-44.619893,-19.138542],[-44.619349,-19.138362],[-44.619073,-19.138271],[-44.618483,-19.138066],[-44.617844,-19.137855],[-44.617589,-19.137772],[-44.617426,-19.137703],[-44.617286,-19.137625],[-44.617184,-19.137547],[-44.61704,-19.13742],[-44.616982,-19.137364],[-44.616864,-19.137327],[-44.616746,-19.137304],[-44.61661,-19.137295],[-44.61648,-19.137302],[-44.61637,-19.137327],[-44.61618,-19.137392],[-44.615567,-19.137926],[-44.615028,-19.138382],[-44.614339,-19.138958],[-44.613901,-19.139355],[-44.613574,-19.13967],[-44.613183,-19.14008],[-44.612417,-19.140911],[-44.610983,-19.142527],[-44.607562,-19.146379],[-44.605363,-19.148822],[-44.602738,-19.151824],[-44.602568,-19.152018],[-44.601874,-19.152757],[-44.601248,-19.153254],[-44.60107,-19.153395],[-44.600582,-19.15373],[-44.600048,-19.154031],[-44.599503,-19.154272],[-44.599192,-19.154399],[-44.596197,-19.155542],[-44.594922,-19.156023],[-44.594229,-19.15628],[-44.592696,-19.156862],[-44.592304,-19.157009],[-44.590282,-19.157766],[-44.588069,-19.158562],[-44.58753,-19.158673],[-44.586983,-19.158739],[-44.586186,-19.158749],[-44.585588,-19.158693],[-44.58368,-19.158432],[-44.581883,-19.158186],[-44.581028,-19.158073],[-44.578598,-19.157736],[-44.576907,-19.157509],[-44.576179,-19.157409],[-44.574516,-19.157181],[-44.569149,-19.156444],[-44.564675,-19.155825],[-44.559037,-19.155045],[-44.557897,-19.154918],[-44.554923,-19.154502],[-44.551216,-19.153983],[-44.55054,-19.153903],[-44.55007,-19.153849],[-44.549247,-19.153789],[-44.5487,-19.153764],[-44.545445,-19.15365],[-44.545291,-19.153644],[-44.542645,-19.153521],[-44.540275,-19.153451],[-44.539916,-19.153438],[-44.538204,-19.15338],[-44.53772,-19.153373],[-44.537403,-19.153356],[-44.537146,-19.153341],[-44.536991,-19.153383],[-44.536796,-19.153375],[-44.535694,-19.15334],[-44.535373,-19.153351],[-44.535014,-19.153385],[-44.534763,-19.153414],[-44.534437,-19.153474],[-44.534059,-19.153574],[-44.533701,-19.153682],[-44.533324,-19.153829],[-44.533082,-19.153942],[-44.532767,-19.154107],[-44.532531,-19.154244],[-44.532152,-19.154507],[-44.531666,-19.154908],[-44.531003,-19.155457],[-44.530938,-19.155593],[-44.530919,-19.155644],[-44.530911,-19.15568],[-44.530916,-19.155726],[-44.53093,-19.155797],[-44.530944,-19.155833],[-44.53098,-19.155879],[-44.531018,-19.155915],[-44.531081,-19.155949],[-44.531167,-19.155953],[-44.531257,-19.155943],[-44.531379,-19.155914],[-44.531627,-19.155844],[-44.531816,-19.155785],[-44.531941,-19.155711],[-44.532055,-19.155599],[-44.532128,-19.1555],[-44.532156,-19.155386],[-44.53217,-19.155268],[-44.532149,-19.15516],[-44.532107,-19.155061],[-44.531917,-19.154829],[-44.531649,-19.154534],[-44.531514,-19.154297],[-44.531467,-19.154183],[-44.531421,-19.154058],[-44.531387,-19.153934],[-44.531382,-19.153779],[-44.531378,-19.153643],[-44.531402,-19.153455],[-44.531436,-19.153357],[-44.531476,-19.153261],[-44.531579,-19.153066],[-44.532182,-19.152396],[-44.532503,-19.152022],[-44.533599,-19.150807],[-44.53426,-19.149864],[-44.534334,-19.149743],[-44.534453,-19.14954],[-44.534642,-19.149216],[-44.534861,-19.148813],[-44.534951,-19.148645],[-44.535061,-19.148467],[-44.535284,-19.148135],[-44.535521,-19.147775],[-44.535864,-19.1473],[-44.535893,-19.14726],[-44.536551,-19.14636],[-44.537794,-19.144591],[-44.537893,-19.144451],[-44.538488,-19.143564],[-44.538723,-19.143223],[-44.539269,-19.142567],[-44.539761,-19.141927],[-44.539968,-19.141623],[-44.54055,-19.14074],[-44.540948,-19.140143],[-44.541209,-19.139753],[-44.541843,-19.13886],[-44.541966,-19.138683],[-44.54254,-19.137874],[-44.542725,-19.137593],[-44.543185,-19.136849],[-44.543599,-19.136162],[-44.544042,-19.135457],[-44.544295,-19.135117],[-44.544534,-19.134813],[-44.545032,-19.134275],[-44.545295,-19.13399],[-44.545971,-19.133033],[-44.546439,-19.132551],[-44.548171,-19.131063],[-44.549035,-19.130322],[-44.549465,-19.129956],[-44.549917,-19.12946],[-44.551036,-19.12813],[-44.551637,-19.127415],[-44.552289,-19.126602],[-44.553573,-19.125084],[-44.554707,-19.123704],[-44.555231,-19.122945],[-44.555512,-19.122517],[-44.55574,-19.122071],[-44.55596,-19.121619],[-44.556172,-19.121082],[-44.556328,-19.120606],[-44.556481,-19.120099],[-44.556545,-19.119843],[-44.556674,-19.119252],[-44.556698,-19.119032],[-44.556797,-19.11813],[-44.556848,-19.117278],[-44.556915,-19.115829],[-44.55697,-19.114605],[-44.557194,-19.111918],[-44.557387,-19.107878],[-44.557401,-19.1076],[-44.557425,-19.106875],[-44.557446,-19.106183],[-44.557374,-19.105782],[-44.557267,-19.105466],[-44.557076,-19.104959],[-44.556829,-19.104535],[-44.556604,-19.104208],[-44.556057,-19.103582],[-44.555726,-19.103221],[-44.555046,-19.102495],[-44.553592,-19.100826],[-44.552058,-19.099063],[-44.549531,-19.09622],[-44.549064,-19.095705],[-44.54867,-19.095365],[-44.548085,-19.094967],[-44.547396,-19.094567],[-44.546795,-19.094136],[-44.546369,-19.093746],[-44.545958,-19.093186],[-44.545838,-19.092944],[-44.545693,-19.09266],[-44.545599,-19.092407],[-44.545339,-19.091708],[-44.545168,-19.091147],[-44.54512,-19.090991],[-44.544408,-19.088986],[-44.544038,-19.08786],[-44.543799,-19.086927],[-44.543687,-19.086239],[-44.543595,-19.085802],[-44.543207,-19.084109],[-44.543129,-19.083931],[-44.543052,-19.083807],[-44.542842,-19.083538],[-44.541285,-19.081919],[-44.541006,-19.081651],[-44.54074,-19.081436],[-44.540454,-19.081229],[-44.540054,-19.080964],[-44.53891,-19.080213],[-44.538238,-19.079679],[-44.537174,-19.078582],[-44.536583,-19.077922],[-44.536278,-19.077633],[-44.536097,-19.077478],[-44.535522,-19.077075],[-44.534971,-19.076664],[-44.534757,-19.07646],[-44.534496,-19.076151],[-44.534288,-19.075845],[-44.534143,-19.075578],[-44.534041,-19.075299],[-44.533947,-19.075001],[-44.533803,-19.074281],[-44.533537,-19.072626],[-44.533328,-19.071604],[-44.533137,-19.070874],[-44.532947,-19.070255],[-44.53266,-19.069457],[-44.531866,-19.067442],[-44.530697,-19.064285],[-44.529279,-19.060359],[-44.527854,-19.056419],[-44.527772,-19.056192],[-44.526056,-19.051668],[-44.52324,-19.044557],[-44.5221,-19.041544],[-44.521692,-19.040461],[-44.521511,-19.039992],[-44.521338,-19.03961],[-44.521132,-19.039204],[-44.520685,-19.038356],[-44.520476,-19.037908],[-44.520306,-19.037478],[-44.520166,-19.037069],[-44.520132,-19.036932],[-44.520058,-19.036632],[-44.519962,-19.036242],[-44.519879,-19.0359],[-44.519804,-19.035593],[-44.519233,-19.033983],[-44.518949,-19.033187],[-44.518796,-19.0328],[-44.51862,-19.032282],[-44.518448,-19.031879],[-44.518183,-19.031356],[-44.517885,-19.030846],[-44.517835,-19.030762],[-44.517229,-19.029867],[-44.516993,-19.029447],[-44.516926,-19.029313],[-44.516851,-19.029082],[-44.516783,-19.028869],[-44.51675,-19.028695],[-44.516721,-19.028411],[-44.516714,-19.028131],[-44.516733,-19.027784],[-44.516748,-19.0275],[-44.51683,-19.026431],[-44.51694,-19.025822],[-44.517055,-19.025304],[-44.517294,-19.024662],[-44.517409,-19.024292],[-44.517615,-19.023458],[-44.517819,-19.022826],[-44.518026,-19.022291],[-44.51827,-19.02183],[-44.518535,-19.021368],[-44.518723,-19.021092],[-44.518941,-19.020625],[-44.519085,-19.020146],[-44.519171,-19.019761],[-44.519206,-19.019342],[-44.519163,-19.018898],[-44.519115,-19.018632],[-44.518943,-19.017968],[-44.51833,-19.016119],[-44.518008,-19.015601],[-44.517578,-19.015088],[-44.517194,-19.014763],[-44.516602,-19.014397],[-44.51532,-19.013862],[-44.512511,-19.012663],[-44.511959,-19.012371],[-44.511221,-19.011851],[-44.510768,-19.011448],[-44.510183,-19.010774],[-44.509977,-19.010431],[-44.509778,-19.010046],[-44.509601,-19.009643],[-44.50947,-19.009262],[-44.509373,-19.008851],[-44.509271,-19.0082],[-44.509134,-19.00698],[-44.508619,-19.003341],[-44.508458,-19.002405],[-44.508271,-19.001538],[-44.508131,-19.001091],[-44.507922,-19.000528],[-44.507563,-18.999752],[-44.50686,-18.998261],[-44.503719,-18.991749],[-44.50363,-18.991568],[-44.503392,-18.991119],[-44.502708,-18.989742],[-44.502064,-18.98873],[-44.50171,-18.988106],[-44.50142,-18.987563],[-44.501335,-18.987313],[-44.501184,-18.986868],[-44.501039,-18.986392],[-44.500755,-18.985636],[-44.499055,-18.98208],[-44.498314,-18.980472],[-44.498025,-18.97966],[-44.49785,-18.979011],[-44.497633,-18.978024],[-44.497601,-18.977712],[-44.497545,-18.976533],[-44.497494,-18.97132],[-44.497359,-18.96042],[-44.497252,-18.952366],[-44.497208,-18.94962],[-44.497113,-18.943683],[-44.497067,-18.937406],[-44.49706,-18.935702],[-44.497088,-18.93541],[-44.497164,-18.934813],[-44.497327,-18.934123],[-44.497512,-18.933542],[-44.497832,-18.932746],[-44.498,-18.932126],[-44.498093,-18.931866],[-44.498363,-18.931109],[-44.498534,-18.930734],[-44.498733,-18.930345],[-44.498805,-18.930233],[-44.499258,-18.929528],[-44.499773,-18.92862],[-44.50016,-18.927803],[-44.50219,-18.923541],[-44.502293,-18.923303],[-44.502625,-18.922533],[-44.50289,-18.921765],[-44.502901,-18.921723],[-44.503073,-18.921059],[-44.503236,-18.920123],[-44.503287,-18.919019],[-44.503228,-18.918097],[-44.503001,-18.916138],[-44.502458,-18.911664],[-44.502296,-18.910328],[-44.501442,-18.903356],[-44.501267,-18.901963],[-44.501195,-18.901402],[-44.501096,-18.900955],[-44.500946,-18.900331],[-44.500079,-18.89737],[-44.499647,-18.895964],[-44.499366,-18.895195],[-44.499199,-18.894837],[-44.498824,-18.893903],[-44.498687,-18.893423],[-44.498617,-18.893055],[-44.498497,-18.892403],[-44.498352,-18.891639],[-44.498129,-18.890716],[-44.497793,-18.889512],[-44.497634,-18.888979],[-44.497247,-18.887706],[-44.497072,-18.887259],[-44.496679,-18.886343],[-44.496512,-18.885955],[-44.49623,-18.885044],[-44.49612,-18.884485],[-44.496064,-18.884011],[-44.49597,-18.88345],[-44.495874,-18.883052],[-44.495672,-18.882338],[-44.495541,-18.881646],[-44.495455,-18.88097],[-44.495439,-18.880341],[-44.495477,-18.878077],[-44.495589,-18.873212],[-44.495595,-18.872956],[-44.495613,-18.872017],[-44.495646,-18.870316],[-44.495648,-18.870202],[-44.495771,-18.867734],[-44.495778,-18.867382],[-44.495782,-18.867258],[-44.495783,-18.867187],[-44.495791,-18.866519],[-44.4958,-18.866273],[-44.495755,-18.864234],[-44.495718,-18.863089],[-44.495702,-18.862414],[-44.495573,-18.86149],[-44.495562,-18.860438],[-44.495581,-18.860199],[-44.495737,-18.859132],[-44.495902,-18.856694],[-44.495912,-18.85551],[-44.495933,-18.855082],[-44.495948,-18.854402],[-44.495952,-18.854036],[-44.495936,-18.853601],[-44.496022,-18.851466],[-44.49604,-18.849316],[-44.496096,-18.846405],[-44.49612,-18.845352],[-44.496141,-18.844265],[-44.496147,-18.843025],[-44.496179,-18.841844],[-44.496224,-18.840367],[-44.496246,-18.837767],[-44.496254,-18.837266],[-44.496229,-18.836828],[-44.496189,-18.836407],[-44.496079,-18.835705],[-44.495855,-18.834844],[-44.495525,-18.833985],[-44.495319,-18.833433],[-44.494864,-18.832612],[-44.494302,-18.831777],[-44.493008,-18.829933],[-44.492542,-18.829257],[-44.491146,-18.826964],[-44.489745,-18.824916],[-44.489596,-18.824702],[-44.489191,-18.824131],[-44.488593,-18.823257],[-44.488444,-18.823022],[-44.488157,-18.82263],[-44.488018,-18.822452],[-44.487442,-18.821662],[-44.487172,-18.821307],[-44.486796,-18.820882],[-44.486521,-18.820624],[-44.486143,-18.820322],[-44.485658,-18.820008],[-44.485332,-18.819839],[-44.484965,-18.819676],[-44.482983,-18.818943],[-44.482106,-18.818648],[-44.481784,-18.818544],[-44.481556,-18.818465],[-44.481143,-18.818327],[-44.478952,-18.817589],[-44.478134,-18.817294],[-44.477302,-18.816934],[-44.476516,-18.816499],[-44.476176,-18.816296],[-44.475839,-18.816062],[-44.475555,-18.815801],[-44.475289,-18.815488],[-44.47445,-18.814314],[-44.473635,-18.813155],[-44.472492,-18.811544],[-44.472322,-18.811287],[-44.471954,-18.810802],[-44.471782,-18.810551],[-44.471668,-18.810385],[-44.47076,-18.809155],[-44.470028,-18.808074],[-44.469251,-18.807036],[-44.467871,-18.805091],[-44.467257,-18.804187],[-44.467016,-18.803859],[-44.466585,-18.803274],[-44.466164,-18.802665],[-44.465877,-18.802235],[-44.465667,-18.80192],[-44.465454,-18.801564],[-44.465222,-18.801043],[-44.464955,-18.80035],[-44.464795,-18.799832],[-44.464711,-18.79954],[-44.464631,-18.799309],[-44.464565,-18.799101],[-44.464498,-18.798912],[-44.464215,-18.798588],[-44.463995,-18.79821],[-44.463505,-18.796895],[-44.463248,-18.796298],[-44.463152,-18.796226],[-44.46298,-18.796123],[-44.462799,-18.796071],[-44.462665,-18.796061],[-44.462445,-18.796105],[-44.462085,-18.796279],[-44.46206,-18.796336],[-44.462012,-18.796395],[-44.461942,-18.796405],[-44.461862,-18.796398],[-44.461799,-18.796375],[-44.461635,-18.796278],[-44.461545,-18.796159],[-44.461373,-18.795904],[-44.46097,-18.795337],[-44.460767,-18.795049],[-44.46067,-18.794905],[-44.460482,-18.794602],[-44.460388,-18.794472],[-44.459925,-18.793784],[-44.459567,-18.793335],[-44.459218,-18.792927],[-44.45888,-18.792578],[-44.458492,-18.792219],[-44.45773,-18.791534],[-44.457462,-18.79135],[-44.457334,-18.79127],[-44.457183,-18.791186],[-44.456918,-18.791053],[-44.456799,-18.790978],[-44.456577,-18.790817],[-44.455475,-18.789832],[-44.455332,-18.789677],[-44.455217,-18.789522],[-44.455095,-18.789324],[-44.454998,-18.789183],[-44.454948,-18.789109],[-44.454867,-18.788979],[-44.454719,-18.788849],[-44.454414,-18.788581],[-44.453287,-18.787577],[-44.453002,-18.787332],[-44.452175,-18.786584],[-44.451594,-18.78605],[-44.45152,-18.785987],[-44.451174,-18.785684],[-44.450733,-18.785272],[-44.449733,-18.784411],[-44.448229,-18.783035],[-44.447519,-18.7824],[-44.447079,-18.782172],[-44.446842,-18.782028],[-44.44668,-18.78193],[-44.446332,-18.78166],[-44.44606,-18.781442],[-44.445888,-18.781281],[-44.445766,-18.781166],[-44.445284,-18.780651],[-44.444605,-18.780195],[-44.444268,-18.779966],[-44.442531,-18.7788],[-44.442478,-18.778764],[-44.44231,-18.778653],[-44.44207,-18.778489],[-44.441899,-18.778367],[-44.441857,-18.778338],[-44.441642,-18.778185],[-44.441054,-18.777794],[-44.440519,-18.777433],[-44.439953,-18.777017],[-44.439368,-18.776623],[-44.438737,-18.776197],[-44.438501,-18.776037],[-44.43812,-18.775785],[-44.436397,-18.774642],[-44.435542,-18.774075],[-44.435246,-18.773879],[-44.433999,-18.773052],[-44.433565,-18.772755],[-44.433172,-18.772486],[-44.432285,-18.77191],[-44.432022,-18.77174],[-44.431657,-18.771511],[-44.431268,-18.771228],[-44.430992,-18.771038],[-44.430928,-18.770994],[-44.430804,-18.770955],[-44.430744,-18.770909],[-44.43057,-18.770796],[-44.430484,-18.770753],[-44.430376,-18.770716],[-44.430269,-18.770695],[-44.430135,-18.770679],[-44.430049,-18.770672],[-44.429983,-18.770684],[-44.429915,-18.770684],[-44.429849,-18.770671],[-44.429787,-18.770646],[-44.429732,-18.770609],[-44.429686,-18.770564],[-44.429651,-18.770512],[-44.429627,-18.770453],[-44.429616,-18.770392],[-44.429538,-18.770257],[-44.429485,-18.770174],[-44.429432,-18.770103],[-44.429207,-18.76984],[-44.428364,-18.76927],[-44.428138,-18.769123],[-44.427495,-18.768686],[-44.426605,-18.768068],[-44.42652,-18.768009],[-44.425828,-18.767555],[-44.425271,-18.767157],[-44.424988,-18.766938],[-44.424692,-18.766708],[-44.424406,-18.766449],[-44.424175,-18.766231],[-44.423984,-18.76603],[-44.423652,-18.765658],[-44.42334,-18.765249],[-44.423035,-18.764833],[-44.422621,-18.764196],[-44.422542,-18.764058],[-44.422301,-18.763644],[-44.422203,-18.763448],[-44.422074,-18.763174],[-44.421984,-18.762962],[-44.42195,-18.762869],[-44.421862,-18.762637],[-44.421583,-18.761947],[-44.421228,-18.761089],[-44.421138,-18.760875],[-44.420489,-18.759329],[-44.419976,-18.75805],[-44.419954,-18.757995],[-44.419879,-18.7578],[-44.419825,-18.757661],[-44.419564,-18.756986],[-44.419524,-18.756891],[-44.419314,-18.756394],[-44.419087,-18.755877],[-44.41868,-18.754904],[-44.418619,-18.754775],[-44.417968,-18.753226],[-44.417941,-18.753162],[-44.417865,-18.752968],[-44.417701,-18.75255],[-44.417557,-18.752175],[-44.417449,-18.751913],[-44.417426,-18.751857],[-44.417308,-18.751556],[-44.416687,-18.750028],[-44.416605,-18.74982],[-44.416548,-18.749675],[-44.416404,-18.749397],[-44.416175,-18.749021],[-44.415883,-18.748604],[-44.415819,-18.748513],[-44.415343,-18.747974],[-44.414879,-18.747634],[-44.414262,-18.747237],[-44.413999,-18.747117],[-44.413212,-18.746768],[-44.412896,-18.746648],[-44.412594,-18.746545],[-44.412478,-18.746508],[-44.412162,-18.746413],[-44.411657,-18.74625],[-44.410432,-18.745875],[-44.408325,-18.745219],[-44.408226,-18.745188],[-44.404921,-18.744165],[-44.40471,-18.744099],[-44.402621,-18.743452],[-44.400566,-18.742806],[-44.39821,-18.742071],[-44.397932,-18.741984],[-44.395749,-18.741389],[-44.395306,-18.741277],[-44.391468,-18.740322],[-44.390492,-18.740079],[-44.390306,-18.740032],[-44.387802,-18.73942],[-44.384003,-18.738489],[-44.381371,-18.737844],[-44.380501,-18.73762],[-44.379105,-18.737289],[-44.376846,-18.736736],[-44.373043,-18.735796],[-44.371885,-18.735513],[-44.368958,-18.734807],[-44.368618,-18.734727],[-44.367948,-18.734566],[-44.367167,-18.734372],[-44.367001,-18.734328],[-44.366928,-18.734313],[-44.365505,-18.733963],[-44.364098,-18.73362],[-44.363305,-18.733428],[-44.362283,-18.733185],[-44.361019,-18.73284],[-44.360827,-18.732764],[-44.360535,-18.732656],[-44.360262,-18.73254],[-44.359874,-18.732374],[-44.359622,-18.732253],[-44.359442,-18.732163],[-44.359169,-18.732026],[-44.358584,-18.731675],[-44.358284,-18.731483],[-44.357913,-18.731229],[-44.357843,-18.731179],[-44.357195,-18.730655],[-44.356477,-18.729964],[-44.355804,-18.72931],[-44.351546,-18.725161],[-44.351412,-18.725022],[-44.349768,-18.723418],[-44.348548,-18.722246],[-44.348219,-18.721955],[-44.347864,-18.721671],[-44.346833,-18.720988],[-44.346617,-18.720861],[-44.346249,-18.720648],[-44.346181,-18.720608],[-44.345143,-18.72],[-44.342552,-18.718543],[-44.341164,-18.717752],[-44.34046,-18.717346],[-44.340088,-18.717111],[-44.339782,-18.716895],[-44.339427,-18.716591],[-44.339171,-18.716323],[-44.338928,-18.716012],[-44.338711,-18.715705],[-44.338567,-18.715458],[-44.338388,-18.715082],[-44.338221,-18.714625],[-44.337985,-18.713861],[-44.337823,-18.713364],[-44.3377,-18.713028],[-44.337517,-18.712589],[-44.337266,-18.712067],[-44.336941,-18.711484],[-44.336607,-18.710972],[-44.336266,-18.710497],[-44.335876,-18.710025],[-44.335351,-18.709479],[-44.333759,-18.708096],[-44.331963,-18.706579],[-44.331074,-18.70582],[-44.330444,-18.705267],[-44.329964,-18.704737],[-44.329603,-18.704174],[-44.329255,-18.703485],[-44.328811,-18.702537],[-44.32847,-18.701817],[-44.328195,-18.701323],[-44.32794,-18.700957],[-44.327844,-18.700818],[-44.327464,-18.700387],[-44.326975,-18.699955],[-44.326535,-18.699642],[-44.32617,-18.699443],[-44.325942,-18.699319],[-44.325676,-18.699226],[-44.321898,-18.697906],[-44.320256,-18.697352],[-44.318337,-18.696696],[-44.315937,-18.695881],[-44.313879,-18.695185],[-44.313691,-18.695125],[-44.313538,-18.69508],[-44.313414,-18.695038],[-44.313132,-18.69495],[-44.312517,-18.694721],[-44.311176,-18.694265],[-44.310173,-18.69399],[-44.309102,-18.693775],[-44.307002,-18.693373],[-44.304576,-18.692907],[-44.299873,-18.69201],[-44.296555,-18.691367],[-44.293897,-18.690852],[-44.293086,-18.690752],[-44.292831,-18.690742],[-44.292218,-18.690717],[-44.291254,-18.690743],[-44.289948,-18.690921],[-44.28859,-18.69125],[-44.284874,-18.692211],[-44.281456,-18.693096],[-44.280911,-18.693224],[-44.280672,-18.693263],[-44.280407,-18.69329],[-44.279928,-18.69329],[-44.279622,-18.693259],[-44.279091,-18.693153],[-44.27852,-18.693011],[-44.276091,-18.692369],[-44.275488,-18.692216],[-44.274948,-18.692123],[-44.274446,-18.692084],[-44.273978,-18.692103],[-44.273134,-18.692278],[-44.272531,-18.692517],[-44.271581,-18.692906],[-44.270265,-18.693407],[-44.269223,-18.693802],[-44.268757,-18.693853],[-44.267681,-18.69382],[-44.266957,-18.693649],[-44.266208,-18.693352],[-44.264549,-18.692591],[-44.261802,-18.691285],[-44.255846,-18.688435],[-44.253134,-18.687125],[-44.252143,-18.686646],[-44.250314,-18.685775],[-44.249703,-18.685457],[-44.249091,-18.68508],[-44.248839,-18.684876],[-44.248659,-18.684731],[-44.248491,-18.684601],[-44.248283,-18.68444],[-44.247825,-18.684024],[-44.247374,-18.683565],[-44.245792,-18.68183],[-44.245625,-18.681659],[-44.244668,-18.680674],[-44.244188,-18.680171],[-44.243359,-18.679487],[-44.242733,-18.679094],[-44.241819,-18.678779],[-44.241175,-18.678638],[-44.240462,-18.678578],[-44.239508,-18.678606],[-44.238703,-18.678774],[-44.236498,-18.679704],[-44.23576,-18.67994],[-44.234985,-18.680108],[-44.23435,-18.680114],[-44.234191,-18.680115],[-44.233421,-18.680041],[-44.229657,-18.679274],[-44.228355,-18.678942],[-44.227566,-18.67852],[-44.226896,-18.677976],[-44.226319,-18.677423],[-44.225555,-18.67685],[-44.224782,-18.676286],[-44.22424,-18.676068],[-44.222947,-18.675734],[-44.222416,-18.675618],[-44.221762,-18.675587],[-44.220455,-18.675668],[-44.219028,-18.675637],[-44.218361,-18.675544],[-44.216293,-18.675048],[-44.215742,-18.674868],[-44.215115,-18.67451],[-44.214324,-18.674007],[-44.211094,-18.671735],[-44.209781,-18.670819],[-44.208835,-18.670183],[-44.208361,-18.669885],[-44.207946,-18.669752],[-44.20749,-18.669669],[-44.205751,-18.669405],[-44.204528,-18.669255],[-44.203777,-18.669247],[-44.202946,-18.669354],[-44.200819,-18.669712],[-44.200748,-18.669724],[-44.199869,-18.669872],[-44.1976,-18.670256],[-44.196318,-18.670494],[-44.194688,-18.670943],[-44.193818,-18.671362],[-44.192222,-18.672164],[-44.191973,-18.672277],[-44.191457,-18.67251],[-44.191029,-18.672653],[-44.190526,-18.67267],[-44.188859,-18.672306],[-44.187515,-18.67202],[-44.186271,-18.671754],[-44.181402,-18.67067],[-44.177843,-18.66985],[-44.174783,-18.669133],[-44.173852,-18.66893],[-44.171899,-18.668754],[-44.16939,-18.668589],[-44.167481,-18.668463],[-44.164555,-18.668284],[-44.16074,-18.668064],[-44.160005,-18.668003],[-44.159732,-18.667978],[-44.159495,-18.667935],[-44.159098,-18.667823],[-44.158578,-18.667665],[-44.155474,-18.666735],[-44.15144,-18.665522],[-44.151049,-18.665409],[-44.150775,-18.665353],[-44.15043,-18.665302],[-44.150043,-18.665279],[-44.149769,-18.665281],[-44.149492,-18.665304],[-44.149183,-18.665345],[-44.147885,-18.66557],[-44.145,-18.666073],[-44.143544,-18.666321],[-44.141453,-18.666668],[-44.139623,-18.666973],[-44.138888,-18.667092],[-44.138539,-18.667156],[-44.137186,-18.667401],[-44.136377,-18.667528],[-44.135947,-18.667593],[-44.135776,-18.667599],[-44.135662,-18.667596],[-44.135358,-18.667547],[-44.134371,-18.66727],[-44.134192,-18.667218],[-44.133684,-18.667078],[-44.133396,-18.666973],[-44.132882,-18.666718],[-44.130329,-18.665371],[-44.128533,-18.664426],[-44.127849,-18.664061],[-44.126578,-18.663389],[-44.126438,-18.663314],[-44.126159,-18.663169],[-44.123937,-18.661997],[-44.121908,-18.660922],[-44.119649,-18.659724],[-44.1173,-18.658463],[-44.116404,-18.657973],[-44.115837,-18.65766],[-44.115445,-18.657491],[-44.11464,-18.657215],[-44.114014,-18.656991],[-44.112087,-18.656325],[-44.110087,-18.655576],[-44.107899,-18.654788],[-44.105725,-18.653968],[-44.104938,-18.653688],[-44.104094,-18.653394],[-44.103485,-18.653165],[-44.102761,-18.652907],[-44.102042,-18.652652],[-44.101508,-18.652474],[-44.100604,-18.652154],[-44.100067,-18.651966],[-44.099595,-18.651832],[-44.098825,-18.651716],[-44.095593,-18.650998],[-44.091919,-18.650153],[-44.090363,-18.649781],[-44.089883,-18.649668],[-44.088719,-18.649392],[-44.088391,-18.64937],[-44.088059,-18.649383],[-44.087592,-18.649477],[-44.086276,-18.649781],[-44.084,-18.650273],[-44.082422,-18.650596],[-44.081579,-18.650895],[-44.080792,-18.651276],[-44.080444,-18.651403],[-44.079259,-18.651586],[-44.077853,-18.651751],[-44.076879,-18.65194],[-44.076233,-18.652089],[-44.075838,-18.652119],[-44.074471,-18.652056],[-44.074015,-18.65201],[-44.07283,-18.651679],[-44.07118,-18.651199],[-44.070707,-18.651148],[-44.070297,-18.651282],[-44.069707,-18.651756],[-44.068719,-18.652687],[-44.06859,-18.652808],[-44.067787,-18.653557],[-44.067322,-18.653935],[-44.067016,-18.654043],[-44.066676,-18.654041],[-44.06625,-18.653944],[-44.062591,-18.652556],[-44.061319,-18.651958],[-44.060102,-18.651329],[-44.057637,-18.650038],[-44.057313,-18.64983],[-44.057087,-18.649586],[-44.056908,-18.6493],[-44.056731,-18.648871],[-44.056335,-18.647725],[-44.056208,-18.647518],[-44.056053,-18.647354],[-44.055877,-18.647216],[-44.055698,-18.647125],[-44.055366,-18.647028],[-44.055007,-18.64703],[-44.054309,-18.646993],[-44.0542,-18.646947],[-44.053808,-18.646922],[-44.053491,-18.646902],[-44.053052,-18.646695],[-44.052957,-18.646613],[-44.052891,-18.646557],[-44.052187,-18.645834],[-44.051726,-18.645544],[-44.051488,-18.645426],[-44.050931,-18.645305],[-44.049698,-18.645082],[-44.049223,-18.644949],[-44.048609,-18.644724],[-44.048016,-18.644436],[-44.047859,-18.644294],[-44.04738,-18.643863],[-44.046382,-18.642499],[-44.046227,-18.64228],[-44.044518,-18.639895],[-44.044297,-18.639585],[-44.043403,-18.638347],[-44.043138,-18.638026],[-44.042963,-18.63784],[-44.042823,-18.637716],[-44.0419,-18.636936],[-44.04155,-18.636642],[-44.04125,-18.636452],[-44.040755,-18.636139],[-44.040666,-18.63609],[-44.040154,-18.635806],[-44.040018,-18.63573],[-44.039626,-18.635539],[-44.039333,-18.635415],[-44.039075,-18.635349],[-44.03872,-18.635287],[-44.038175,-18.635206],[-44.037523,-18.635096],[-44.037329,-18.635049],[-44.037271,-18.635033],[-44.03708,-18.634978],[-44.036667,-18.634822],[-44.036585,-18.634791],[-44.036302,-18.634675],[-44.036066,-18.634584],[-44.03571,-18.634446],[-44.035128,-18.634196],[-44.034402,-18.633855],[-44.032282,-18.632758],[-44.031971,-18.632574],[-44.031811,-18.632445],[-44.031665,-18.632318],[-44.031467,-18.632107],[-44.031229,-18.631856],[-44.0311,-18.631769],[-44.03098,-18.631705],[-44.030811,-18.631652],[-44.030661,-18.631625],[-44.030553,-18.631623],[-44.030235,-18.63164],[-44.029893,-18.631691],[-44.029415,-18.631733],[-44.029129,-18.631744],[-44.028798,-18.631729],[-44.028556,-18.631703],[-44.028304,-18.631643],[-44.027934,-18.631507],[-44.027536,-18.631331],[-44.026376,-18.630682],[-44.025693,-18.630349],[-44.024481,-18.629823],[-44.023418,-18.629403],[-44.022039,-18.628805],[-44.021202,-18.6284],[-44.020586,-18.628035],[-44.019637,-18.627449],[-44.018216,-18.626523],[-44.01694,-18.625686],[-44.016626,-18.625515],[-44.01634,-18.625387],[-44.015908,-18.625223],[-44.015289,-18.625079],[-44.014547,-18.624995],[-44.013485,-18.624965],[-44.012553,-18.62489],[-44.012012,-18.624771],[-44.011453,-18.624597],[-44.010371,-18.624195],[-44.007277,-18.623129],[-44.006555,-18.622892],[-44.006299,-18.622847],[-44.006175,-18.62284],[-44.005976,-18.622856],[-44.005694,-18.622924],[-44.004973,-18.623201],[-44.004692,-18.623271],[-44.004486,-18.623285],[-44.00429,-18.623278],[-44.004102,-18.62322],[-44.003971,-18.62316],[-44.003704,-18.623006],[-44.003048,-18.622588],[-44.002152,-18.621985],[-44.001944,-18.621816],[-44.001766,-18.621578],[-44.001695,-18.621447],[-44.001628,-18.621288],[-44.001581,-18.621128],[-44.001565,-18.620998],[-44.001547,-18.620834],[-44.001549,-18.62065],[-44.00156,-18.61923],[-44.001537,-18.618854],[-44.001478,-18.618613],[-44.001402,-18.618461],[-44.001246,-18.618275],[-44.001108,-18.618173],[-44.000777,-18.618033],[-43.999098,-18.617544],[-43.998876,-18.617512],[-43.99873,-18.617512],[-43.998522,-18.617545],[-43.998304,-18.617625],[-43.998105,-18.617761],[-43.997943,-18.617924],[-43.997841,-18.618095],[-43.99759,-18.618689],[-43.99741,-18.619146],[-43.997263,-18.619354],[-43.997107,-18.619488],[-43.996937,-18.619599],[-43.996739,-18.619687],[-43.996576,-18.619754],[-43.996359,-18.6198],[-43.995982,-18.619769],[-43.99576,-18.619707],[-43.995612,-18.61964],[-43.995497,-18.619567],[-43.995312,-18.619429],[-43.99516,-18.619246],[-43.995068,-18.619074],[-43.994979,-18.618812],[-43.994967,-18.618491],[-43.995116,-18.61692],[-43.995223,-18.615928],[-43.995237,-18.615534],[-43.99523,-18.615419],[-43.995183,-18.615256],[-43.995047,-18.615048],[-43.994907,-18.614912],[-43.994754,-18.614813],[-43.994468,-18.614729],[-43.994153,-18.614726],[-43.993768,-18.614788],[-43.992809,-18.615072],[-43.992352,-18.615165],[-43.991588,-18.615276],[-43.990717,-18.61541],[-43.989958,-18.615494],[-43.988911,-18.61555],[-43.988305,-18.61556],[-43.98688,-18.615566],[-43.986249,-18.615493],[-43.985868,-18.615338],[-43.985513,-18.615138],[-43.985089,-18.614764],[-43.984809,-18.614366],[-43.98466,-18.613946],[-43.984588,-18.613596],[-43.984516,-18.613116],[-43.984477,-18.612531],[-43.984446,-18.611303],[-43.984447,-18.610977],[-43.984436,-18.610706],[-43.984335,-18.61032],[-43.982871,-18.607295],[-43.982319,-18.606157],[-43.981761,-18.605093],[-43.981275,-18.6044],[-43.980657,-18.603741],[-43.979845,-18.603037],[-43.979136,-18.602579],[-43.978567,-18.602409],[-43.978175,-18.602399],[-43.978048,-18.602395],[-43.977563,-18.602485],[-43.976844,-18.602711],[-43.975876,-18.60302],[-43.975429,-18.603219],[-43.974984,-18.603497],[-43.973995,-18.604106],[-43.973458,-18.604386],[-43.972879,-18.604577],[-43.971212,-18.604864],[-43.969581,-18.605116],[-43.969254,-18.605166],[-43.969052,-18.605145],[-43.968892,-18.605102],[-43.968664,-18.605001],[-43.968495,-18.604868],[-43.968284,-18.604638],[-43.967576,-18.602891],[-43.967575,-18.60252],[-43.967678,-18.60208],[-43.967853,-18.601567],[-43.96788,-18.601011],[-43.967912,-18.600193],[-43.967896,-18.598667],[-43.967908,-18.598016],[-43.96813,-18.59763],[-43.9687,-18.596889],[-43.968909,-18.59656],[-43.96906,-18.596063],[-43.969033,-18.595266],[-43.969029,-18.595172],[-43.968999,-18.594088],[-43.969,-18.593493],[-43.968909,-18.593257],[-43.968735,-18.592985],[-43.968574,-18.592865],[-43.968419,-18.592776],[-43.968191,-18.59274],[-43.967863,-18.592735],[-43.967404,-18.592781],[-43.967007,-18.592768],[-43.966814,-18.592718],[-43.965781,-18.592188],[-43.965548,-18.592105],[-43.965325,-18.592107],[-43.964979,-18.592196],[-43.964824,-18.592293],[-43.964671,-18.592441],[-43.964446,-18.592789],[-43.963941,-18.594352],[-43.963786,-18.594896],[-43.963673,-18.595075],[-43.963523,-18.595219],[-43.963169,-18.595419],[-43.962783,-18.59543],[-43.962461,-18.5953],[-43.962297,-18.595194],[-43.96219,-18.595084],[-43.961849,-18.59455],[-43.96145,-18.594062],[-43.961166,-18.593809],[-43.960737,-18.5937],[-43.960241,-18.593701],[-43.959914,-18.593743],[-43.958982,-18.593862],[-43.95681,-18.59415],[-43.95626,-18.594295],[-43.95586,-18.594416],[-43.95559,-18.594622],[-43.955265,-18.594925],[-43.954916,-18.595312],[-43.953889,-18.59746],[-43.953015,-18.59916],[-43.95247,-18.599816],[-43.95187,-18.600241],[-43.951052,-18.600621],[-43.950268,-18.600838],[-43.949474,-18.600871],[-43.948912,-18.600883],[-43.948186,-18.600858],[-43.947756,-18.600739],[-43.947452,-18.600569],[-43.947215,-18.600394],[-43.946962,-18.600076],[-43.946432,-18.599052],[-43.94622,-18.598789],[-43.945963,-18.598639],[-43.945622,-18.598554],[-43.9452,-18.598546],[-43.944936,-18.598542],[-43.944689,-18.598527],[-43.944338,-18.598446],[-43.944061,-18.598352],[-43.943809,-18.598246],[-43.943475,-18.598058],[-43.94319,-18.597858],[-43.940816,-18.595988],[-43.93944,-18.595017],[-43.938376,-18.594338],[-43.936505,-18.593229],[-43.935272,-18.5925],[-43.934696,-18.592112],[-43.934457,-18.591939],[-43.934187,-18.591713],[-43.933791,-18.591361],[-43.933578,-18.591158],[-43.933316,-18.590898],[-43.93305,-18.590604],[-43.930882,-18.588091],[-43.930422,-18.587555],[-43.930022,-18.587088],[-43.929838,-18.586871],[-43.929568,-18.586565],[-43.929392,-18.586388],[-43.929198,-18.58622],[-43.928997,-18.586045],[-43.928758,-18.585863],[-43.928541,-18.585717],[-43.92837,-18.585608],[-43.928171,-18.585494],[-43.927859,-18.585334],[-43.927271,-18.585053],[-43.926793,-18.584819],[-43.926522,-18.584701],[-43.926211,-18.584566],[-43.92565,-18.584353],[-43.925153,-18.584165],[-43.924666,-18.58396],[-43.924244,-18.583799],[-43.923911,-18.583665],[-43.923145,-18.583388],[-43.92271,-18.583228],[-43.922326,-18.583072],[-43.921922,-18.582911],[-43.921305,-18.582679],[-43.920569,-18.582401],[-43.920155,-18.582241],[-43.919785,-18.582104],[-43.91953,-18.582024],[-43.919359,-18.581982],[-43.919146,-18.581966],[-43.918973,-18.58196],[-43.918814,-18.581972],[-43.918563,-18.582029],[-43.918344,-18.582088],[-43.918004,-18.582188],[-43.917391,-18.582368],[-43.916883,-18.582517],[-43.916315,-18.582724],[-43.91616,-18.582793],[-43.916025,-18.582863],[-43.915851,-18.582974],[-43.915769,-18.583034],[-43.91566,-18.583123],[-43.91556,-18.583214],[-43.914631,-18.584053],[-43.913599,-18.584997],[-43.912954,-18.585586],[-43.911574,-18.586839],[-43.910746,-18.5876],[-43.910479,-18.587846],[-43.909716,-18.588532],[-43.909339,-18.588885],[-43.909119,-18.589092],[-43.908898,-18.589296],[-43.908769,-18.589401],[-43.908668,-18.589481],[-43.908566,-18.589546],[-43.908372,-18.589645],[-43.908186,-18.589716],[-43.907959,-18.589788],[-43.907668,-18.589868],[-43.907452,-18.589919],[-43.907295,-18.589955],[-43.907108,-18.589982],[-43.906985,-18.589993],[-43.9068,-18.589995],[-43.906615,-18.58997],[-43.906365,-18.589925],[-43.905494,-18.589718],[-43.904339,-18.589469],[-43.902293,-18.589037],[-43.901433,-18.588831],[-43.900486,-18.588616],[-43.900115,-18.588536],[-43.899605,-18.588426],[-43.899105,-18.588316],[-43.898582,-18.588165],[-43.898493,-18.588135],[-43.89842,-18.588113],[-43.898101,-18.588002],[-43.897742,-18.587858],[-43.89752,-18.587759],[-43.897273,-18.587646],[-43.896651,-18.587366],[-43.896013,-18.587086],[-43.895216,-18.586734],[-43.89441,-18.586373],[-43.893799,-18.586094],[-43.892962,-18.58572],[-43.89237,-18.585442],[-43.891888,-18.58522],[-43.891376,-18.584995],[-43.891029,-18.584837],[-43.890739,-18.584718],[-43.89049,-18.584631],[-43.890154,-18.584518],[-43.889687,-18.584371],[-43.889295,-18.584252],[-43.888956,-18.58416],[-43.888568,-18.584064],[-43.888028,-18.583933],[-43.88742,-18.583784],[-43.887155,-18.583719],[-43.886789,-18.583628],[-43.885732,-18.583368],[-43.88466,-18.583113],[-43.883878,-18.58293],[-43.882529,-18.582601],[-43.881907,-18.58244],[-43.881473,-18.582337],[-43.880894,-18.582203],[-43.880462,-18.582102],[-43.879857,-18.581947],[-43.879128,-18.581765],[-43.877576,-18.581411],[-43.87697,-18.581261],[-43.876706,-18.581188],[-43.876443,-18.581109],[-43.87611,-18.580983],[-43.875787,-18.580841],[-43.875318,-18.58059],[-43.874225,-18.57985],[-43.873338,-18.579238],[-43.872933,-18.578856],[-43.872433,-18.578314],[-43.870935,-18.576606],[-43.869097,-18.574446],[-43.867591,-18.572693],[-43.864791,-18.569477],[-43.864142,-18.568746],[-43.863351,-18.568107],[-43.85995,-18.565575],[-43.856016,-18.56272],[-43.85576,-18.562525],[-43.855293,-18.562254],[-43.854876,-18.56208],[-43.854481,-18.562008],[-43.851373,-18.561463],[-43.846643,-18.560609],[-43.846205,-18.560544],[-43.845805,-18.560549],[-43.845312,-18.560668],[-43.844117,-18.561143],[-43.842916,-18.561548],[-43.842164,-18.561821],[-43.84176,-18.561817],[-43.841459,-18.561756],[-43.841153,-18.5616],[-43.840917,-18.561354],[-43.840772,-18.561134],[-43.840478,-18.560472],[-43.840341,-18.560269],[-43.840162,-18.560108],[-43.839897,-18.559982],[-43.839588,-18.559945],[-43.839019,-18.560032],[-43.838005,-18.560274],[-43.836701,-18.560544],[-43.835266,-18.560816],[-43.83409,-18.561157],[-43.832974,-18.561561],[-43.831539,-18.562328],[-43.830649,-18.562983],[-43.829562,-18.563952],[-43.828229,-18.565177],[-43.827986,-18.565546],[-43.827747,-18.566103],[-43.827487,-18.566758],[-43.827186,-18.567395],[-43.827022,-18.567588],[-43.826684,-18.567801],[-43.826398,-18.567909],[-43.825757,-18.568161],[-43.82518,-18.568374],[-43.824746,-18.568477],[-43.824036,-18.56853],[-43.82352,-18.568537],[-43.820391,-18.567881],[-43.817032,-18.567175],[-43.816054,-18.566975],[-43.815763,-18.566906],[-43.815491,-18.566792],[-43.815093,-18.566542],[-43.814364,-18.566063],[-43.811537,-18.56419],[-43.809849,-18.563055],[-43.808416,-18.561925],[-43.808133,-18.561585],[-43.807993,-18.561277],[-43.807955,-18.560946],[-43.80795,-18.560621],[-43.807944,-18.559462],[-43.807806,-18.559055],[-43.807634,-18.558853],[-43.807314,-18.558689],[-43.806871,-18.558576],[-43.805059,-18.558195],[-43.803493,-18.557811],[-43.803086,-18.557659],[-43.802881,-18.557508],[-43.802722,-18.557331],[-43.802377,-18.556525],[-43.801768,-18.55532],[-43.801215,-18.554462],[-43.800598,-18.553731],[-43.799706,-18.552791],[-43.799485,-18.552559],[-43.798448,-18.551468],[-43.796157,-18.549072],[-43.794116,-18.546921],[-43.792197,-18.544922],[-43.791026,-18.543611],[-43.790484,-18.542832],[-43.79002,-18.541961],[-43.788739,-18.539438],[-43.788073,-18.538197],[-43.787775,-18.537869],[-43.78708,-18.537446],[-43.784689,-18.535734],[-43.784016,-18.535276],[-43.783569,-18.534791],[-43.783153,-18.534223],[-43.78275,-18.533396],[-43.782454,-18.53257],[-43.782237,-18.531899],[-43.781997,-18.531229],[-43.781849,-18.530888],[-43.781543,-18.530423],[-43.779679,-18.528433],[-43.777297,-18.52576],[-43.776648,-18.52468],[-43.776549,-18.524444],[-43.776364,-18.523486],[-43.776387,-18.521933],[-43.776407,-18.521031],[-43.77631,-18.520457],[-43.775943,-18.519309],[-43.773942,-18.513106],[-43.772954,-18.510287],[-43.77283,-18.509932],[-43.772577,-18.509118],[-43.771757,-18.506505],[-43.771387,-18.505373],[-43.770919,-18.504411],[-43.770299,-18.503507],[-43.769003,-18.501718],[-43.768748,-18.501052],[-43.768282,-18.499518],[-43.767551,-18.497031],[-43.767233,-18.49605],[-43.766449,-18.493581],[-43.765502,-18.490432],[-43.763524,-18.483741],[-43.76239,-18.479587],[-43.761849,-18.476984],[-43.761796,-18.476709],[-43.761648,-18.475994],[-43.761442,-18.475306],[-43.761166,-18.474757],[-43.760618,-18.473903],[-43.759854,-18.472755],[-43.759175,-18.471654],[-43.758971,-18.471252],[-43.758823,-18.470726],[-43.758579,-18.469752],[-43.758433,-18.469048],[-43.758426,-18.468693],[-43.758606,-18.467933],[-43.758668,-18.467387],[-43.75863,-18.466886],[-43.75855,-18.466325],[-43.758406,-18.465812],[-43.758156,-18.465289],[-43.757828,-18.464792],[-43.757439,-18.464315],[-43.756662,-18.463594],[-43.756112,-18.463134],[-43.755876,-18.462937],[-43.755759,-18.462843],[-43.755165,-18.462369],[-43.754696,-18.462048],[-43.754189,-18.46184],[-43.753696,-18.461673],[-43.753168,-18.461572],[-43.751645,-18.461477],[-43.751396,-18.461422],[-43.751179,-18.461327],[-43.7509,-18.461151],[-43.750679,-18.460959],[-43.750522,-18.460747],[-43.750235,-18.459938],[-43.749949,-18.45897],[-43.749741,-18.458567],[-43.749392,-18.458105],[-43.749167,-18.457946],[-43.74837,-18.457309],[-43.747336,-18.456418],[-43.746639,-18.455918],[-43.745992,-18.455562],[-43.745887,-18.455503],[-43.745559,-18.455256],[-43.745426,-18.455072],[-43.745401,-18.45496],[-43.745299,-18.454483],[-43.745277,-18.454134],[-43.745249,-18.453886],[-43.745198,-18.453543],[-43.745158,-18.453229],[-43.745144,-18.453111],[-43.745055,-18.452624],[-43.744971,-18.452472],[-43.744839,-18.452234],[-43.744684,-18.451957],[-43.744462,-18.451664],[-43.744148,-18.451432],[-43.743923,-18.451336],[-43.743447,-18.451132],[-43.742985,-18.451004],[-43.742782,-18.450943],[-43.742482,-18.450859],[-43.742144,-18.450718],[-43.741915,-18.450609],[-43.741698,-18.450483],[-43.741494,-18.450349],[-43.741217,-18.450174],[-43.741057,-18.45008],[-43.740987,-18.45005],[-43.740907,-18.45002],[-43.740799,-18.450024],[-43.740674,-18.45],[-43.740558,-18.449952],[-43.740473,-18.449896],[-43.740413,-18.449832],[-43.740345,-18.449723],[-43.740306,-18.449598],[-43.740306,-18.44952],[-43.740055,-18.448749],[-43.739789,-18.448286],[-43.739498,-18.447741],[-43.738943,-18.446754],[-43.738855,-18.446591],[-43.738584,-18.446089],[-43.738434,-18.445812],[-43.738313,-18.445596],[-43.737692,-18.444495],[-43.737519,-18.444187],[-43.736879,-18.443051],[-43.736171,-18.441808],[-43.735468,-18.440598],[-43.735042,-18.439893],[-43.734735,-18.439503],[-43.73437,-18.439039],[-43.734135,-18.43874],[-43.734023,-18.438599],[-43.732564,-18.436761],[-43.732459,-18.436633],[-43.732267,-18.436394],[-43.731291,-18.435154],[-43.730975,-18.434754],[-43.729683,-18.433136],[-43.729312,-18.432561],[-43.728984,-18.431981],[-43.728684,-18.431385],[-43.7284,-18.430787],[-43.726927,-18.427679],[-43.726722,-18.427338],[-43.726468,-18.427029],[-43.72617,-18.426757],[-43.725836,-18.426527],[-43.725403,-18.426317],[-43.72494,-18.426177],[-43.724459,-18.426111],[-43.722867,-18.425925],[-43.718587,-18.425448],[-43.717965,-18.425331],[-43.717373,-18.425118],[-43.717102,-18.42497],[-43.716836,-18.424811],[-43.71599,-18.424242],[-43.715837,-18.424139],[-43.714734,-18.423451],[-43.713638,-18.422718],[-43.712532,-18.422007],[-43.712277,-18.421868],[-43.712046,-18.421761],[-43.711799,-18.421659],[-43.711546,-18.421587],[-43.711295,-18.421527],[-43.711024,-18.421483],[-43.7105,-18.421459],[-43.706888,-18.421448],[-43.703254,-18.421483],[-43.702779,-18.421471],[-43.702243,-18.421412],[-43.701774,-18.421311],[-43.701242,-18.421172],[-43.699324,-18.420601],[-43.697392,-18.420063],[-43.695741,-18.419573],[-43.695001,-18.419346],[-43.694272,-18.419096],[-43.693686,-18.418842],[-43.692879,-18.418433],[-43.692098,-18.417894],[-43.691222,-18.417267],[-43.69042,-18.416679],[-43.690354,-18.416635],[-43.690023,-18.416425],[-43.689671,-18.416284],[-43.68962,-18.416306],[-43.689565,-18.416319],[-43.689459,-18.416319],[-43.689359,-18.416287],[-43.689275,-18.416225],[-43.689217,-18.416141],[-43.689195,-18.416073],[-43.68919,-18.416001],[-43.688907,-18.415649],[-43.688606,-18.415352],[-43.687619,-18.41465],[-43.686344,-18.413747],[-43.68513,-18.412857],[-43.684533,-18.412425],[-43.684259,-18.412213],[-43.683933,-18.411926],[-43.68367,-18.41164],[-43.683458,-18.411364],[-43.683242,-18.41105],[-43.683045,-18.410731],[-43.682789,-18.41021],[-43.682502,-18.4095],[-43.682239,-18.408879],[-43.68197,-18.408216],[-43.681461,-18.406986],[-43.680958,-18.405711],[-43.680147,-18.403682],[-43.679742,-18.4027],[-43.679541,-18.402194],[-43.679378,-18.401687],[-43.679304,-18.401504],[-43.679193,-18.400968],[-43.679134,-18.400687],[-43.679042,-18.400188],[-43.678988,-18.39971],[-43.678956,-18.399231],[-43.678933,-18.398688],[-43.678903,-18.394957],[-43.678889,-18.394016],[-43.678894,-18.393512],[-43.678984,-18.393019],[-43.679129,-18.392663],[-43.6793,-18.392328],[-43.680372,-18.390511],[-43.680538,-18.39012],[-43.680646,-18.389677],[-43.680797,-18.388568],[-43.681407,-18.383111],[-43.681543,-18.381947],[-43.681592,-18.381371],[-43.681579,-18.380813],[-43.681512,-18.379952],[-43.681383,-18.379126],[-43.681212,-18.378235],[-43.680868,-18.37653],[-43.680477,-18.374743],[-43.680335,-18.374013],[-43.680148,-18.373046],[-43.679619,-18.370431],[-43.679587,-18.370197],[-43.67953,-18.369784],[-43.679505,-18.36939],[-43.679505,-18.368809],[-43.679569,-18.368211],[-43.679878,-18.366139],[-43.680029,-18.365085],[-43.680204,-18.36402],[-43.6807,-18.360956],[-43.680748,-18.360651],[-43.680819,-18.360332],[-43.680973,-18.359844],[-43.681157,-18.35933],[-43.681268,-18.3589],[-43.681324,-18.35867],[-43.681364,-18.358405],[-43.681418,-18.357881],[-43.681532,-18.356862],[-43.681709,-18.355148],[-43.68174,-18.354742],[-43.681743,-18.354326],[-43.681741,-18.354171],[-43.681693,-18.353418],[-43.681477,-18.35102],[-43.681437,-18.350031],[-43.681464,-18.349724],[-43.681511,-18.349452],[-43.681552,-18.349284],[-43.681617,-18.34907],[-43.68178,-18.348655],[-43.682024,-18.34809],[-43.682158,-18.347765],[-43.682342,-18.347276],[-43.682429,-18.34697],[-43.682475,-18.346712],[-43.682488,-18.346473],[-43.682481,-18.34625],[-43.682456,-18.346061],[-43.682423,-18.345903],[-43.682365,-18.345722],[-43.682296,-18.345556],[-43.682153,-18.345274],[-43.681854,-18.344844],[-43.68133,-18.344136],[-43.681158,-18.343869],[-43.681047,-18.343643],[-43.680932,-18.343285],[-43.680864,-18.34294],[-43.680835,-18.34274],[-43.680705,-18.341824],[-43.680436,-18.339993],[-43.680241,-18.338537],[-43.680155,-18.337989],[-43.680058,-18.337293],[-43.680041,-18.337124],[-43.68003,-18.336954],[-43.680035,-18.336781],[-43.680058,-18.336592],[-43.680111,-18.336418],[-43.680199,-18.336212],[-43.680396,-18.33595],[-43.680612,-18.335751],[-43.680779,-18.335663],[-43.680993,-18.335563],[-43.68112,-18.335513],[-43.681262,-18.335475],[-43.681657,-18.335368],[-43.6822,-18.335224],[-43.682561,-18.335065],[-43.682732,-18.334985],[-43.683198,-18.334767],[-43.683483,-18.334611],[-43.687374,-18.332409],[-43.689155,-18.331423],[-43.689856,-18.331027],[-43.690253,-18.3308],[-43.690638,-18.330548],[-43.690808,-18.330412],[-43.690968,-18.330267],[-43.691244,-18.329961],[-43.691365,-18.329782],[-43.691488,-18.329578],[-43.69159,-18.32936],[-43.691665,-18.329148],[-43.691734,-18.328917],[-43.691782,-18.328684],[-43.692122,-18.32624],[-43.692416,-18.323812],[-43.69243,-18.323693],[-43.692549,-18.322635],[-43.692547,-18.322372],[-43.69254,-18.322157],[-43.692506,-18.321911],[-43.692451,-18.321686],[-43.69237,-18.321445],[-43.692284,-18.321235],[-43.692044,-18.320815],[-43.691719,-18.320439],[-43.691368,-18.32011],[-43.690622,-18.319416],[-43.689128,-18.31804],[-43.688174,-18.317127],[-43.687916,-18.316821],[-43.687716,-18.316478],[-43.687578,-18.316108],[-43.687297,-18.315233],[-43.687189,-18.314896],[-43.687051,-18.314409],[-43.686992,-18.314168],[-43.68694,-18.313874],[-43.686922,-18.313593],[-43.686932,-18.313335],[-43.687013,-18.31284],[-43.687255,-18.311665],[-43.687478,-18.310482],[-43.68752,-18.310165],[-43.687543,-18.309833],[-43.687509,-18.309415],[-43.687469,-18.309253],[-43.687332,-18.308714],[-43.687134,-18.307927],[-43.686925,-18.307153],[-43.686532,-18.305631],[-43.686163,-18.304258],[-43.68528,-18.300948],[-43.685157,-18.300488],[-43.685066,-18.30004],[-43.685023,-18.299798],[-43.684982,-18.299518],[-43.684929,-18.298976],[-43.684898,-18.298447],[-43.684726,-18.295719],[-43.684683,-18.295255],[-43.684647,-18.295039],[-43.684592,-18.294819],[-43.684503,-18.294546],[-43.684392,-18.294265],[-43.68403,-18.29347],[-43.68387,-18.293134],[-43.683742,-18.292796],[-43.683699,-18.292537],[-43.683704,-18.292314],[-43.683735,-18.292148],[-43.683772,-18.292026],[-43.683942,-18.291545],[-43.684221,-18.290717],[-43.684859,-18.288828],[-43.684963,-18.288525],[-43.685963,-18.285602],[-43.686056,-18.285249],[-43.686122,-18.284862],[-43.686373,-18.282185],[-43.68652,-18.280545],[-43.686605,-18.279728],[-43.686687,-18.278896],[-43.686782,-18.277808],[-43.68687,-18.276734],[-43.687069,-18.274545],[-43.687147,-18.273692],[-43.687168,-18.273415],[-43.687179,-18.27302],[-43.687145,-18.272838],[-43.68709,-18.272677],[-43.686959,-18.272428],[-43.686787,-18.272223],[-43.686546,-18.272013],[-43.686158,-18.271695],[-43.685468,-18.271129],[-43.685018,-18.270753],[-43.684569,-18.270387],[-43.684226,-18.270108],[-43.683978,-18.269903],[-43.682969,-18.26907],[-43.680959,-18.267411],[-43.679977,-18.266609],[-43.679626,-18.266318],[-43.679289,-18.265998],[-43.679028,-18.265697],[-43.678756,-18.265359],[-43.676198,-18.261715],[-43.675654,-18.26094],[-43.673999,-18.258572],[-43.673151,-18.257365],[-43.672639,-18.256642],[-43.672327,-18.256202],[-43.672136,-18.255993],[-43.671957,-18.255858],[-43.67188,-18.255801],[-43.671807,-18.255763],[-43.671642,-18.255679],[-43.671334,-18.255595],[-43.671037,-18.255541],[-43.670885,-18.255511],[-43.669999,-18.25535],[-43.667268,-18.254841],[-43.664507,-18.254326],[-43.664174,-18.254252],[-43.66385,-18.2542],[-43.663509,-18.254128],[-43.66298,-18.254027],[-43.662631,-18.253963],[-43.662224,-18.253883],[-43.662015,-18.253842],[-43.661806,-18.253793],[-43.66153,-18.253679],[-43.661301,-18.253524],[-43.661108,-18.253343],[-43.660945,-18.253093],[-43.660631,-18.252561],[-43.660191,-18.251807],[-43.659791,-18.251124],[-43.659354,-18.250373],[-43.659041,-18.24986],[-43.658869,-18.249654],[-43.658686,-18.249498],[-43.658456,-18.249366],[-43.658225,-18.249271],[-43.658006,-18.24923],[-43.657827,-18.249215],[-43.65765,-18.249225],[-43.656905,-18.24932],[-43.656017,-18.249442],[-43.655838,-18.249443],[-43.655655,-18.249427],[-43.655465,-18.24938],[-43.655303,-18.249319],[-43.655148,-18.249246],[-43.654978,-18.249149],[-43.653759,-18.248376],[-43.653385,-18.24814],[-43.652997,-18.247892],[-43.652304,-18.247458],[-43.652147,-18.247364],[-43.651998,-18.247299],[-43.651857,-18.247252],[-43.651706,-18.247214],[-43.651541,-18.247186],[-43.651361,-18.247168],[-43.650739,-18.247146],[-43.650373,-18.247129],[-43.649979,-18.247118],[-43.649895,-18.247114],[-43.649828,-18.247108],[-43.649662,-18.247097],[-43.649301,-18.247082],[-43.648384,-18.247036],[-43.647956,-18.247014],[-43.647794,-18.247007],[-43.647296,-18.24699],[-43.64713,-18.24698],[-43.646927,-18.246964],[-43.646494,-18.246907],[-43.646295,-18.246882],[-43.645992,-18.246839],[-43.644027,-18.246493],[-43.641368,-18.246061],[-43.63896,-18.245666],[-43.638528,-18.245581],[-43.638156,-18.245476],[-43.638077,-18.245452],[-43.63764,-18.245302],[-43.637104,-18.245119],[-43.636562,-18.244893],[-43.636406,-18.244816],[-43.635446,-18.244272],[-43.634539,-18.243737],[-43.632801,-18.242723],[-43.632444,-18.242511],[-43.632235,-18.242403],[-43.632152,-18.242359],[-43.631819,-18.242226],[-43.631237,-18.242037],[-43.63067,-18.241864],[-43.62976,-18.241581],[-43.628872,-18.241297],[-43.627971,-18.24104],[-43.627899,-18.241017],[-43.627767,-18.240976],[-43.627368,-18.240852],[-43.626845,-18.24069],[-43.626516,-18.240571],[-43.626343,-18.240499],[-43.626203,-18.240438],[-43.626181,-18.240428],[-43.625679,-18.240199],[-43.624829,-18.239816],[-43.62452,-18.239677],[-43.624426,-18.239634],[-43.623895,-18.239386],[-43.623467,-18.239189],[-43.622634,-18.238807],[-43.622331,-18.238674],[-43.621949,-18.238507],[-43.621795,-18.238452],[-43.62168,-18.238418],[-43.621582,-18.238396],[-43.621504,-18.238382],[-43.621429,-18.238373],[-43.621352,-18.238369],[-43.621275,-18.23837],[-43.621154,-18.238386],[-43.621,-18.238412],[-43.620887,-18.238438],[-43.620779,-18.238468],[-43.620517,-18.238548],[-43.620027,-18.238718],[-43.619441,-18.238928],[-43.619185,-18.239018],[-43.619139,-18.239031],[-43.618801,-18.239158],[-43.61804,-18.239429],[-43.617541,-18.2396],[-43.617451,-18.239636],[-43.615961,-18.240153],[-43.615923,-18.240165],[-43.615825,-18.240221],[-43.615708,-18.240262],[-43.615277,-18.240385],[-43.615048,-18.240417],[-43.614854,-18.24042],[-43.614718,-18.240405],[-43.614608,-18.240384],[-43.614398,-18.240325],[-43.614211,-18.240243],[-43.614041,-18.240165],[-43.613689,-18.240039],[-43.613551,-18.239983],[-43.613466,-18.239974],[-43.613323,-18.239933],[-43.613263,-18.239914],[-43.613057,-18.239868],[-43.612906,-18.239844],[-43.612823,-18.23983],[-43.612719,-18.239822],[-43.612546,-18.239813],[-43.612362,-18.239797],[-43.612125,-18.239794],[-43.611934,-18.239804],[-43.611599,-18.239852],[-43.611239,-18.239947],[-43.610479,-18.2402],[-43.609279,-18.240623],[-43.609162,-18.240681],[-43.609086,-18.240713],[-43.608639,-18.240922],[-43.60833,-18.241066],[-43.60814,-18.241146],[-43.60799,-18.241191],[-43.607659,-18.24127],[-43.607517,-18.241306],[-43.607149,-18.241393],[-43.607065,-18.241411],[-43.607031,-18.241418],[-43.606776,-18.241474],[-43.60654,-18.241525],[-43.606235,-18.241597],[-43.606161,-18.241614],[-43.606004,-18.241679],[-43.605876,-18.241745],[-43.605808,-18.241797],[-43.60569,-18.241922],[-43.605495,-18.242256],[-43.605354,-18.242513],[-43.605214,-18.242776],[-43.605053,-18.24309],[-43.604977,-18.2432],[-43.604905,-18.243289],[-43.604832,-18.243374],[-43.604648,-18.243537],[-43.604427,-18.243725],[-43.60382,-18.244256],[-43.603718,-18.244332],[-43.603658,-18.244383],[-43.603463,-18.244557],[-43.603154,-18.244857],[-43.603059,-18.24496],[-43.602979,-18.245063],[-43.602925,-18.24514],[-43.602834,-18.245301],[-43.602789,-18.245373],[-43.602713,-18.245517],[-43.60263,-18.245719],[-43.602626,-18.24574],[-43.602631,-18.245873],[-43.602611,-18.246018],[-43.602611,-18.246046],[-43.602609,-18.246077],[-43.602605,-18.246112],[-43.602597,-18.246136],[-43.60259,-18.246162],[-43.602557,-18.246175],[-43.602503,-18.246182],[-43.602464,-18.246172],[-43.602432,-18.246133],[-43.602415,-18.246074],[-43.602427,-18.246027],[-43.602447,-18.245992],[-43.602485,-18.245934],[-43.602517,-18.245885],[-43.602123,-18.245516],[-43.601976,-18.245411],[-43.601904,-18.245368],[-43.601752,-18.245295],[-43.601588,-18.245226],[-43.601254,-18.245137],[-43.6009,-18.245052],[-43.60068,-18.244982],[-43.600478,-18.244906],[-43.60036,-18.244848],[-43.600343,-18.244607],[-43.600334,-18.244416],[-43.600331,-18.244352],[-43.600324,-18.244305],[-43.600301,-18.244248]]}}
