{"type":"Feature","properties":{"name":"Rodovias do mapa · Diamantina–Cordisburgo–Sete Lagoas–Belo Horizonte","checkedAt":"2026-10-05","source":"https://router.project-osrm.org/route/v1/driving/-43.60065,-18.24409;-43.6233388,-18.2394261;-43.5967276,-18.2452602;-44.35217,-19.1251;-44.322836,-19.122867;-44.322558,-19.117163;-44.322672,-19.127964;-44.2476263,-19.4660631;-44.28304,-19.49504;-43.94302,-19.92258?overview=full&geometries=geojson&steps=true","note":"Geometria de apoio do roteiro existente; não altera a linha principal."},"geometry":{"coordinates":[[-43.600301,-18.244248],[-43.600324,-18.244305],[-43.600331,-18.244352],[-43.600334,-18.244416],[-43.600343,-18.244607],[-43.60036,-18.244848],[-43.600478,-18.244906],[-43.60068,-18.244982],[-43.6009,-18.245052],[-43.601254,-18.245137],[-43.601588,-18.245226],[-43.601752,-18.245295],[-43.601904,-18.245368],[-43.601976,-18.245411],[-43.601409,-18.245858],[-43.601801,-18.246332],[-43.602266,-18.246146],[-43.602347,-18.246107],[-43.602415,-18.246074],[-43.602427,-18.246027],[-43.602447,-18.245992],[-43.602485,-18.245934],[-43.602517,-18.245885],[-43.602626,-18.24574],[-43.60263,-18.245719],[-43.602713,-18.245517],[-43.602789,-18.245373],[-43.602834,-18.245301],[-43.602925,-18.24514],[-43.602979,-18.245063],[-43.603059,-18.24496],[-43.603154,-18.244857],[-43.603463,-18.244557],[-43.603658,-18.244383],[-43.603718,-18.244332],[-43.60382,-18.244256],[-43.604427,-18.243725],[-43.604648,-18.243537],[-43.604832,-18.243374],[-43.604905,-18.243289],[-43.604977,-18.2432],[-43.605053,-18.24309],[-43.605214,-18.242776],[-43.605354,-18.242513],[-43.605495,-18.242256],[-43.60569,-18.241922],[-43.605808,-18.241797],[-43.605876,-18.241745],[-43.606004,-18.241679],[-43.606161,-18.241614],[-43.606235,-18.241597],[-43.60654,-18.241525],[-43.606776,-18.241474],[-43.607031,-18.241418],[-43.607065,-18.241411],[-43.607149,-18.241393],[-43.607517,-18.241306],[-43.607659,-18.24127],[-43.60799,-18.241191],[-43.60814,-18.241146],[-43.60833,-18.241066],[-43.608639,-18.240922],[-43.609086,-18.240713],[-43.609162,-18.240681],[-43.609279,-18.240623],[-43.610479,-18.2402],[-43.611239,-18.239947],[-43.611599,-18.239852],[-43.611934,-18.239804],[-43.612125,-18.239794],[-43.612362,-18.239797],[-43.612546,-18.239813],[-43.612641,-18.239757],[-43.612702,-18.239713],[-43.612771,-18.23966],[-43.612766,-18.239638],[-43.612804,-18.239576],[-43.612866,-18.239538],[-43.612938,-18.239525],[-43.613008,-18.239532],[-43.613097,-18.239544],[-43.613199,-18.239548],[-43.613334,-18.239539],[-43.613433,-18.239544],[-43.613499,-18.239554],[-43.613566,-18.23958],[-43.61364,-18.239629],[-43.613683,-18.239679],[-43.613735,-18.239734],[-43.613802,-18.239807],[-43.613886,-18.239899],[-43.614011,-18.240008],[-43.614199,-18.24012],[-43.614341,-18.240183],[-43.614603,-18.240264],[-43.614831,-18.240301],[-43.615108,-18.24029],[-43.615416,-18.24024],[-43.615663,-18.2402],[-43.615831,-18.240174],[-43.615923,-18.240165],[-43.615961,-18.240153],[-43.617451,-18.239636],[-43.617541,-18.2396],[-43.61804,-18.239429],[-43.618801,-18.239158],[-43.619139,-18.239031],[-43.619185,-18.239018],[-43.619441,-18.238928],[-43.620027,-18.238718],[-43.620517,-18.238548],[-43.620779,-18.238468],[-43.620887,-18.238438],[-43.621,-18.238412],[-43.621154,-18.238386],[-43.621275,-18.23837],[-43.621352,-18.238369],[-43.621429,-18.238373],[-43.621504,-18.238382],[-43.621582,-18.238396],[-43.62168,-18.238418],[-43.621795,-18.238452],[-43.621949,-18.238507],[-43.622331,-18.238674],[-43.622634,-18.238807],[-43.623467,-18.239189],[-43.623403,-18.239305],[-43.623127,-18.239837],[-43.62334,-18.239426],[-43.623403,-18.239305],[-43.623467,-18.239189],[-43.622634,-18.238807],[-43.622331,-18.238674],[-43.621949,-18.238507],[-43.621795,-18.238452],[-43.62168,-18.238418],[-43.621582,-18.238396],[-43.621504,-18.238382],[-43.621429,-18.238373],[-43.621352,-18.238369],[-43.621275,-18.23837],[-43.621154,-18.238386],[-43.621,-18.238412],[-43.620887,-18.238438],[-43.620779,-18.238468],[-43.620517,-18.238548],[-43.620027,-18.238718],[-43.619441,-18.238928],[-43.619185,-18.239018],[-43.619139,-18.239031],[-43.618801,-18.239158],[-43.61804,-18.239429],[-43.617541,-18.2396],[-43.617451,-18.239636],[-43.615961,-18.240153],[-43.615923,-18.240165],[-43.615825,-18.240221],[-43.615708,-18.240262],[-43.615277,-18.240385],[-43.615048,-18.240417],[-43.614854,-18.24042],[-43.614718,-18.240405],[-43.614608,-18.240384],[-43.614398,-18.240325],[-43.614211,-18.240243],[-43.614041,-18.240165],[-43.613689,-18.240039],[-43.613551,-18.239983],[-43.613466,-18.239974],[-43.613323,-18.239933],[-43.613263,-18.239914],[-43.613057,-18.239868],[-43.612906,-18.239844],[-43.612823,-18.23983],[-43.612719,-18.239822],[-43.612546,-18.239813],[-43.612362,-18.239797],[-43.612125,-18.239794],[-43.611934,-18.239804],[-43.611599,-18.239852],[-43.611239,-18.239947],[-43.610479,-18.2402],[-43.609279,-18.240623],[-43.609162,-18.240681],[-43.609086,-18.240713],[-43.608639,-18.240922],[-43.60833,-18.241066],[-43.60814,-18.241146],[-43.60799,-18.241191],[-43.607659,-18.24127],[-43.607517,-18.241306],[-43.607149,-18.241393],[-43.607065,-18.241411],[-43.607031,-18.241418],[-43.606776,-18.241474],[-43.60654,-18.241525],[-43.606235,-18.241597],[-43.606161,-18.241614],[-43.606004,-18.241679],[-43.605876,-18.241745],[-43.605808,-18.241797],[-43.60569,-18.241922],[-43.605495,-18.242256],[-43.605354,-18.242513],[-43.605214,-18.242776],[-43.605053,-18.24309],[-43.604977,-18.2432],[-43.604905,-18.243289],[-43.604832,-18.243374],[-43.604648,-18.243537],[-43.604427,-18.243725],[-43.60382,-18.244256],[-43.603718,-18.244332],[-43.603658,-18.244383],[-43.603463,-18.244557],[-43.603154,-18.244857],[-43.603059,-18.24496],[-43.602979,-18.245063],[-43.602925,-18.24514],[-43.602834,-18.245301],[-43.602789,-18.245373],[-43.602713,-18.245517],[-43.60263,-18.245719],[-43.602626,-18.24574],[-43.602631,-18.245873],[-43.602611,-18.246018],[-43.602611,-18.246046],[-43.602609,-18.246077],[-43.602605,-18.246112],[-43.602597,-18.246136],[-43.60259,-18.246162],[-43.602557,-18.246175],[-43.602503,-18.246182],[-43.602464,-18.246172],[-43.602432,-18.246133],[-43.602415,-18.246074],[-43.602427,-18.246027],[-43.602447,-18.245992],[-43.602485,-18.245934],[-43.602517,-18.245885],[-43.602123,-18.245516],[-43.601976,-18.245411],[-43.601904,-18.245368],[-43.601752,-18.245295],[-43.601588,-18.245226],[-43.601254,-18.245137],[-43.6009,-18.245052],[-43.60068,-18.244982],[-43.600478,-18.244906],[-43.60036,-18.244848],[-43.600014,-18.244687],[-43.59956,-18.244504],[-43.599069,-18.244285],[-43.598681,-18.24411],[-43.598265,-18.243936],[-43.598209,-18.244025],[-43.598099,-18.244194],[-43.597952,-18.244339],[-43.597866,-18.244424],[-43.597807,-18.244448],[-43.597754,-18.244458],[-43.597678,-18.244623],[-43.597536,-18.244923],[-43.597492,-18.245018],[-43.597449,-18.245173],[-43.597437,-18.245212],[-43.59738,-18.245439],[-43.597335,-18.245571],[-43.597285,-18.245682],[-43.59722,-18.24579],[-43.597199,-18.245826],[-43.597074,-18.245976],[-43.597021,-18.246064],[-43.596938,-18.246189],[-43.59685,-18.24641],[-43.59677,-18.246544],[-43.5967,-18.246632],[-43.596544,-18.246461],[-43.596026,-18.24597],[-43.596275,-18.245653],[-43.596435,-18.245498],[-43.596488,-18.245539],[-43.596792,-18.245775],[-43.596827,-18.245801],[-43.597074,-18.245976],[-43.597199,-18.245826],[-43.597651,-18.246229],[-43.598245,-18.246627],[-43.598349,-18.246697],[-43.598449,-18.246734],[-43.598693,-18.246774],[-43.598902,-18.246818],[-43.599309,-18.24691],[-43.59963,-18.246998],[-43.599963,-18.247096],[-43.600073,-18.247107],[-43.600348,-18.247005],[-43.600415,-18.246973],[-43.600473,-18.246949],[-43.600751,-18.246821],[-43.60114,-18.246645],[-43.601801,-18.246332],[-43.602266,-18.246146],[-43.602347,-18.246107],[-43.602415,-18.246074],[-43.602427,-18.246027],[-43.602447,-18.245992],[-43.602485,-18.245934],[-43.602517,-18.245885],[-43.602626,-18.24574],[-43.60263,-18.245719],[-43.602713,-18.245517],[-43.602789,-18.245373],[-43.602834,-18.245301],[-43.602925,-18.24514],[-43.602979,-18.245063],[-43.603059,-18.24496],[-43.603154,-18.244857],[-43.603463,-18.244557],[-43.603658,-18.244383],[-43.603718,-18.244332],[-43.60382,-18.244256],[-43.604427,-18.243725],[-43.604648,-18.243537],[-43.604832,-18.243374],[-43.604905,-18.243289],[-43.604977,-18.2432],[-43.605053,-18.24309],[-43.605214,-18.242776],[-43.605354,-18.242513],[-43.605495,-18.242256],[-43.60569,-18.241922],[-43.605808,-18.241797],[-43.605876,-18.241745],[-43.606004,-18.241679],[-43.606161,-18.241614],[-43.606235,-18.241597],[-43.60654,-18.241525],[-43.606776,-18.241474],[-43.607031,-18.241418],[-43.607065,-18.241411],[-43.607149,-18.241393],[-43.607517,-18.241306],[-43.607659,-18.24127],[-43.60799,-18.241191],[-43.60814,-18.241146],[-43.60833,-18.241066],[-43.608639,-18.240922],[-43.609086,-18.240713],[-43.609162,-18.240681],[-43.609279,-18.240623],[-43.610479,-18.2402],[-43.611239,-18.239947],[-43.611599,-18.239852],[-43.611934,-18.239804],[-43.612125,-18.239794],[-43.612362,-18.239797],[-43.612546,-18.239813],[-43.612641,-18.239757],[-43.612702,-18.239713],[-43.612771,-18.23966],[-43.612766,-18.239638],[-43.612804,-18.239576],[-43.612866,-18.239538],[-43.612938,-18.239525],[-43.613008,-18.239532],[-43.613097,-18.239544],[-43.613199,-18.239548],[-43.613334,-18.239539],[-43.613433,-18.239544],[-43.613499,-18.239554],[-43.613566,-18.23958],[-43.61364,-18.239629],[-43.613683,-18.239679],[-43.613735,-18.239734],[-43.613802,-18.239807],[-43.613886,-18.239899],[-43.614011,-18.240008],[-43.614199,-18.24012],[-43.614341,-18.240183],[-43.614603,-18.240264],[-43.614831,-18.240301],[-43.615108,-18.24029],[-43.615416,-18.24024],[-43.615663,-18.2402],[-43.615831,-18.240174],[-43.615923,-18.240165],[-43.615961,-18.240153],[-43.617451,-18.239636],[-43.617541,-18.2396],[-43.61804,-18.239429],[-43.618801,-18.239158],[-43.619139,-18.239031],[-43.619185,-18.239018],[-43.619441,-18.238928],[-43.620027,-18.238718],[-43.620517,-18.238548],[-43.620779,-18.238468],[-43.620887,-18.238438],[-43.621,-18.238412],[-43.621154,-18.238386],[-43.621275,-18.23837],[-43.621352,-18.238369],[-43.621429,-18.238373],[-43.621504,-18.238382],[-43.621582,-18.238396],[-43.62168,-18.238418],[-43.621795,-18.238452],[-43.621949,-18.238507],[-43.622331,-18.238674],[-43.622634,-18.238807],[-43.623467,-18.239189],[-43.623895,-18.239386],[-43.624426,-18.239634],[-43.62452,-18.239677],[-43.624829,-18.239816],[-43.625679,-18.240199],[-43.626181,-18.240428],[-43.626203,-18.240438],[-43.626343,-18.240499],[-43.626516,-18.240571],[-43.626845,-18.24069],[-43.627368,-18.240852],[-43.627767,-18.240976],[-43.627899,-18.241017],[-43.627971,-18.24104],[-43.628872,-18.241297],[-43.62976,-18.241581],[-43.63067,-18.241864],[-43.631237,-18.242037],[-43.631819,-18.242226],[-43.632152,-18.242359],[-43.632235,-18.242403],[-43.632444,-18.242511],[-43.632801,-18.242723],[-43.634539,-18.243737],[-43.635446,-18.244272],[-43.636406,-18.244816],[-43.636562,-18.244893],[-43.637104,-18.245119],[-43.63764,-18.245302],[-43.638077,-18.245452],[-43.638156,-18.245476],[-43.638528,-18.245581],[-43.63896,-18.245666],[-43.641368,-18.246061],[-43.644027,-18.246493],[-43.645992,-18.246839],[-43.646295,-18.246882],[-43.646494,-18.246907],[-43.646927,-18.246964],[-43.64713,-18.24698],[-43.647296,-18.24699],[-43.647794,-18.247007],[-43.647956,-18.247014],[-43.648384,-18.247036],[-43.649301,-18.247082],[-43.649662,-18.247097],[-43.649828,-18.247108],[-43.649895,-18.247114],[-43.649979,-18.247118],[-43.650373,-18.247129],[-43.650739,-18.247146],[-43.651361,-18.247168],[-43.651541,-18.247186],[-43.651706,-18.247214],[-43.651857,-18.247252],[-43.651998,-18.247299],[-43.652147,-18.247364],[-43.652304,-18.247458],[-43.652997,-18.247892],[-43.653385,-18.24814],[-43.653759,-18.248376],[-43.654978,-18.249149],[-43.655148,-18.249246],[-43.655303,-18.249319],[-43.655465,-18.24938],[-43.655655,-18.249427],[-43.655838,-18.249443],[-43.656017,-18.249442],[-43.656905,-18.24932],[-43.65765,-18.249225],[-43.657827,-18.249215],[-43.658006,-18.24923],[-43.658225,-18.249271],[-43.658456,-18.249366],[-43.658686,-18.249498],[-43.658869,-18.249654],[-43.659041,-18.24986],[-43.659354,-18.250373],[-43.659791,-18.251124],[-43.660191,-18.251807],[-43.660631,-18.252561],[-43.660945,-18.253093],[-43.661108,-18.253343],[-43.661301,-18.253524],[-43.66153,-18.253679],[-43.661806,-18.253793],[-43.662015,-18.253842],[-43.662224,-18.253883],[-43.662631,-18.253963],[-43.66298,-18.254027],[-43.663509,-18.254128],[-43.66385,-18.2542],[-43.664174,-18.254252],[-43.664507,-18.254326],[-43.667268,-18.254841],[-43.669999,-18.25535],[-43.670885,-18.255511],[-43.671037,-18.255541],[-43.671334,-18.255595],[-43.671642,-18.255679],[-43.671807,-18.255763],[-43.67188,-18.255801],[-43.671957,-18.255858],[-43.672136,-18.255993],[-43.672327,-18.256202],[-43.672639,-18.256642],[-43.673151,-18.257365],[-43.673999,-18.258572],[-43.675654,-18.26094],[-43.676198,-18.261715],[-43.678756,-18.265359],[-43.679028,-18.265697],[-43.679289,-18.265998],[-43.679626,-18.266318],[-43.679977,-18.266609],[-43.680959,-18.267411],[-43.682969,-18.26907],[-43.683978,-18.269903],[-43.684226,-18.270108],[-43.684569,-18.270387],[-43.685018,-18.270753],[-43.685468,-18.271129],[-43.686158,-18.271695],[-43.686546,-18.272013],[-43.686787,-18.272223],[-43.686959,-18.272428],[-43.68709,-18.272677],[-43.687145,-18.272838],[-43.687179,-18.27302],[-43.687168,-18.273415],[-43.687147,-18.273692],[-43.687069,-18.274545],[-43.68687,-18.276734],[-43.686782,-18.277808],[-43.686687,-18.278896],[-43.686605,-18.279728],[-43.68652,-18.280545],[-43.686373,-18.282185],[-43.686122,-18.284862],[-43.686056,-18.285249],[-43.685963,-18.285602],[-43.684963,-18.288525],[-43.684859,-18.288828],[-43.684221,-18.290717],[-43.683942,-18.291545],[-43.683772,-18.292026],[-43.683735,-18.292148],[-43.683704,-18.292314],[-43.683699,-18.292537],[-43.683742,-18.292796],[-43.68387,-18.293134],[-43.68403,-18.29347],[-43.684392,-18.294265],[-43.684503,-18.294546],[-43.684592,-18.294819],[-43.684647,-18.295039],[-43.684683,-18.295255],[-43.684726,-18.295719],[-43.684898,-18.298447],[-43.684929,-18.298976],[-43.684982,-18.299518],[-43.685023,-18.299798],[-43.685066,-18.30004],[-43.685157,-18.300488],[-43.68528,-18.300948],[-43.686163,-18.304258],[-43.686532,-18.305631],[-43.686925,-18.307153],[-43.687134,-18.307927],[-43.687332,-18.308714],[-43.687469,-18.309253],[-43.687509,-18.309415],[-43.687543,-18.309833],[-43.68752,-18.310165],[-43.687478,-18.310482],[-43.687255,-18.311665],[-43.687013,-18.31284],[-43.686932,-18.313335],[-43.686922,-18.313593],[-43.68694,-18.313874],[-43.686992,-18.314168],[-43.687051,-18.314409],[-43.687189,-18.314896],[-43.687297,-18.315233],[-43.687578,-18.316108],[-43.687716,-18.316478],[-43.687916,-18.316821],[-43.688174,-18.317127],[-43.689128,-18.31804],[-43.690622,-18.319416],[-43.691368,-18.32011],[-43.691719,-18.320439],[-43.692044,-18.320815],[-43.692284,-18.321235],[-43.69237,-18.321445],[-43.692451,-18.321686],[-43.692506,-18.321911],[-43.69254,-18.322157],[-43.692547,-18.322372],[-43.692549,-18.322635],[-43.69243,-18.323693],[-43.692416,-18.323812],[-43.692122,-18.32624],[-43.691782,-18.328684],[-43.691734,-18.328917],[-43.691665,-18.329148],[-43.69159,-18.32936],[-43.691488,-18.329578],[-43.691365,-18.329782],[-43.691244,-18.329961],[-43.690968,-18.330267],[-43.690808,-18.330412],[-43.690638,-18.330548],[-43.690253,-18.3308],[-43.689856,-18.331027],[-43.689155,-18.331423],[-43.687374,-18.332409],[-43.683483,-18.334611],[-43.683198,-18.334767],[-43.682732,-18.334985],[-43.682561,-18.335065],[-43.6822,-18.335224],[-43.681657,-18.335368],[-43.681262,-18.335475],[-43.68112,-18.335513],[-43.680993,-18.335563],[-43.680779,-18.335663],[-43.680612,-18.335751],[-43.680396,-18.33595],[-43.680199,-18.336212],[-43.680111,-18.336418],[-43.680058,-18.336592],[-43.680035,-18.336781],[-43.68003,-18.336954],[-43.680041,-18.337124],[-43.680058,-18.337293],[-43.680155,-18.337989],[-43.680241,-18.338537],[-43.680436,-18.339993],[-43.680705,-18.341824],[-43.680835,-18.34274],[-43.680864,-18.34294],[-43.680932,-18.343285],[-43.681047,-18.343643],[-43.681158,-18.343869],[-43.68133,-18.344136],[-43.681854,-18.344844],[-43.682153,-18.345274],[-43.682296,-18.345556],[-43.682365,-18.345722],[-43.682423,-18.345903],[-43.682456,-18.346061],[-43.682481,-18.34625],[-43.682488,-18.346473],[-43.682475,-18.346712],[-43.682429,-18.34697],[-43.682342,-18.347276],[-43.682158,-18.347765],[-43.682024,-18.34809],[-43.68178,-18.348655],[-43.681617,-18.34907],[-43.681552,-18.349284],[-43.681511,-18.349452],[-43.681464,-18.349724],[-43.681437,-18.350031],[-43.681477,-18.35102],[-43.681693,-18.353418],[-43.681741,-18.354171],[-43.681743,-18.354326],[-43.68174,-18.354742],[-43.681709,-18.355148],[-43.681532,-18.356862],[-43.681418,-18.357881],[-43.681364,-18.358405],[-43.681324,-18.35867],[-43.681268,-18.3589],[-43.681157,-18.35933],[-43.680973,-18.359844],[-43.680819,-18.360332],[-43.680748,-18.360651],[-43.6807,-18.360956],[-43.680204,-18.36402],[-43.680029,-18.365085],[-43.679878,-18.366139],[-43.679569,-18.368211],[-43.679505,-18.368809],[-43.679505,-18.36939],[-43.67953,-18.369784],[-43.679587,-18.370197],[-43.679619,-18.370431],[-43.680148,-18.373046],[-43.680335,-18.374013],[-43.680477,-18.374743],[-43.680868,-18.37653],[-43.681212,-18.378235],[-43.681383,-18.379126],[-43.681512,-18.379952],[-43.681579,-18.380813],[-43.681592,-18.381371],[-43.681543,-18.381947],[-43.681407,-18.383111],[-43.680797,-18.388568],[-43.680646,-18.389677],[-43.680538,-18.39012],[-43.680372,-18.390511],[-43.6793,-18.392328],[-43.679129,-18.392663],[-43.678984,-18.393019],[-43.678894,-18.393512],[-43.678889,-18.394016],[-43.678903,-18.394957],[-43.678933,-18.398688],[-43.678956,-18.399231],[-43.678988,-18.39971],[-43.679042,-18.400188],[-43.679134,-18.400687],[-43.679193,-18.400968],[-43.679304,-18.401504],[-43.679378,-18.401687],[-43.679541,-18.402194],[-43.679742,-18.4027],[-43.680147,-18.403682],[-43.680958,-18.405711],[-43.681461,-18.406986],[-43.68197,-18.408216],[-43.682239,-18.408879],[-43.682502,-18.4095],[-43.682789,-18.41021],[-43.683045,-18.410731],[-43.683242,-18.41105],[-43.683458,-18.411364],[-43.68367,-18.41164],[-43.683933,-18.411926],[-43.684259,-18.412213],[-43.684533,-18.412425],[-43.68513,-18.412857],[-43.686344,-18.413747],[-43.687619,-18.41465],[-43.688606,-18.415352],[-43.688971,-18.415579],[-43.689108,-18.415632],[-43.689276,-18.415676],[-43.689487,-18.415712],[-43.689587,-18.41572],[-43.68968,-18.415756],[-43.689757,-18.415818],[-43.68981,-18.4159],[-43.689834,-18.415992],[-43.689953,-18.416206],[-43.690153,-18.416442],[-43.690354,-18.416635],[-43.69042,-18.416679],[-43.691222,-18.417267],[-43.692098,-18.417894],[-43.692879,-18.418433],[-43.693686,-18.418842],[-43.694272,-18.419096],[-43.695001,-18.419346],[-43.695741,-18.419573],[-43.697392,-18.420063],[-43.699324,-18.420601],[-43.701242,-18.421172],[-43.701774,-18.421311],[-43.702243,-18.421412],[-43.702779,-18.421471],[-43.703254,-18.421483],[-43.706888,-18.421448],[-43.7105,-18.421459],[-43.711024,-18.421483],[-43.711295,-18.421527],[-43.711546,-18.421587],[-43.711799,-18.421659],[-43.712046,-18.421761],[-43.712277,-18.421868],[-43.712532,-18.422007],[-43.713638,-18.422718],[-43.714734,-18.423451],[-43.715837,-18.424139],[-43.71599,-18.424242],[-43.716836,-18.424811],[-43.717102,-18.42497],[-43.717373,-18.425118],[-43.717965,-18.425331],[-43.718587,-18.425448],[-43.722867,-18.425925],[-43.724459,-18.426111],[-43.72494,-18.426177],[-43.725403,-18.426317],[-43.725836,-18.426527],[-43.72617,-18.426757],[-43.726468,-18.427029],[-43.726722,-18.427338],[-43.726927,-18.427679],[-43.7284,-18.430787],[-43.728684,-18.431385],[-43.728984,-18.431981],[-43.729312,-18.432561],[-43.729683,-18.433136],[-43.730975,-18.434754],[-43.731291,-18.435154],[-43.732267,-18.436394],[-43.732459,-18.436633],[-43.732564,-18.436761],[-43.734023,-18.438599],[-43.734135,-18.43874],[-43.73437,-18.439039],[-43.734735,-18.439503],[-43.735042,-18.439893],[-43.735468,-18.440598],[-43.736171,-18.441808],[-43.736879,-18.443051],[-43.737519,-18.444187],[-43.737692,-18.444495],[-43.738313,-18.445596],[-43.738434,-18.445812],[-43.738584,-18.446089],[-43.738855,-18.446591],[-43.738943,-18.446754],[-43.739498,-18.447741],[-43.739789,-18.448286],[-43.740055,-18.448749],[-43.740468,-18.448947],[-43.740798,-18.449102],[-43.740889,-18.449125],[-43.740971,-18.449159],[-43.741063,-18.449221],[-43.741143,-18.449296],[-43.741206,-18.449392],[-43.741243,-18.449495],[-43.741259,-18.449583],[-43.741255,-18.449684],[-43.74129,-18.449831],[-43.741337,-18.450006],[-43.741494,-18.450349],[-43.741698,-18.450483],[-43.741915,-18.450609],[-43.742144,-18.450718],[-43.742482,-18.450859],[-43.742782,-18.450943],[-43.742985,-18.451004],[-43.743447,-18.451132],[-43.743923,-18.451336],[-43.744148,-18.451432],[-43.744462,-18.451664],[-43.744684,-18.451957],[-43.744839,-18.452234],[-43.744971,-18.452472],[-43.745055,-18.452624],[-43.745144,-18.453111],[-43.745158,-18.453229],[-43.745198,-18.453543],[-43.745249,-18.453886],[-43.745277,-18.454134],[-43.745299,-18.454483],[-43.745401,-18.45496],[-43.745426,-18.455072],[-43.745559,-18.455256],[-43.745887,-18.455503],[-43.745992,-18.455562],[-43.746639,-18.455918],[-43.747336,-18.456418],[-43.74837,-18.457309],[-43.749167,-18.457946],[-43.749392,-18.458105],[-43.749741,-18.458567],[-43.749949,-18.45897],[-43.750235,-18.459938],[-43.750522,-18.460747],[-43.750679,-18.460959],[-43.7509,-18.461151],[-43.751179,-18.461327],[-43.751396,-18.461422],[-43.751645,-18.461477],[-43.753168,-18.461572],[-43.753696,-18.461673],[-43.754189,-18.46184],[-43.754696,-18.462048],[-43.755165,-18.462369],[-43.755759,-18.462843],[-43.755876,-18.462937],[-43.756112,-18.463134],[-43.756662,-18.463594],[-43.757439,-18.464315],[-43.757828,-18.464792],[-43.758156,-18.465289],[-43.758406,-18.465812],[-43.75855,-18.466325],[-43.75863,-18.466886],[-43.758668,-18.467387],[-43.758606,-18.467933],[-43.758426,-18.468693],[-43.758433,-18.469048],[-43.758579,-18.469752],[-43.758823,-18.470726],[-43.758971,-18.471252],[-43.759175,-18.471654],[-43.759854,-18.472755],[-43.760618,-18.473903],[-43.761166,-18.474757],[-43.761442,-18.475306],[-43.761648,-18.475994],[-43.761796,-18.476709],[-43.761849,-18.476984],[-43.76239,-18.479587],[-43.763524,-18.483741],[-43.765502,-18.490432],[-43.766449,-18.493581],[-43.767233,-18.49605],[-43.767551,-18.497031],[-43.768282,-18.499518],[-43.768748,-18.501052],[-43.769003,-18.501718],[-43.770299,-18.503507],[-43.770919,-18.504411],[-43.771387,-18.505373],[-43.771757,-18.506505],[-43.772577,-18.509118],[-43.77283,-18.509932],[-43.772954,-18.510287],[-43.773942,-18.513106],[-43.775943,-18.519309],[-43.77631,-18.520457],[-43.776407,-18.521031],[-43.776387,-18.521933],[-43.776364,-18.523486],[-43.776549,-18.524444],[-43.776648,-18.52468],[-43.777297,-18.52576],[-43.779679,-18.528433],[-43.781543,-18.530423],[-43.781849,-18.530888],[-43.781997,-18.531229],[-43.782237,-18.531899],[-43.782454,-18.53257],[-43.78275,-18.533396],[-43.783153,-18.534223],[-43.783569,-18.534791],[-43.784016,-18.535276],[-43.784689,-18.535734],[-43.78708,-18.537446],[-43.787775,-18.537869],[-43.788073,-18.538197],[-43.788739,-18.539438],[-43.79002,-18.541961],[-43.790484,-18.542832],[-43.791026,-18.543611],[-43.792197,-18.544922],[-43.794116,-18.546921],[-43.796157,-18.549072],[-43.798448,-18.551468],[-43.799485,-18.552559],[-43.799706,-18.552791],[-43.800598,-18.553731],[-43.801215,-18.554462],[-43.801768,-18.55532],[-43.802377,-18.556525],[-43.802722,-18.557331],[-43.802881,-18.557508],[-43.803086,-18.557659],[-43.803493,-18.557811],[-43.805059,-18.558195],[-43.806871,-18.558576],[-43.807314,-18.558689],[-43.807634,-18.558853],[-43.807806,-18.559055],[-43.807944,-18.559462],[-43.80795,-18.560621],[-43.807955,-18.560946],[-43.807993,-18.561277],[-43.808133,-18.561585],[-43.808416,-18.561925],[-43.809849,-18.563055],[-43.811537,-18.56419],[-43.814364,-18.566063],[-43.815093,-18.566542],[-43.815491,-18.566792],[-43.815763,-18.566906],[-43.816054,-18.566975],[-43.817032,-18.567175],[-43.820391,-18.567881],[-43.82352,-18.568537],[-43.824036,-18.56853],[-43.824746,-18.568477],[-43.82518,-18.568374],[-43.825757,-18.568161],[-43.826398,-18.567909],[-43.826684,-18.567801],[-43.827022,-18.567588],[-43.827186,-18.567395],[-43.827487,-18.566758],[-43.827747,-18.566103],[-43.827986,-18.565546],[-43.828229,-18.565177],[-43.829562,-18.563952],[-43.830649,-18.562983],[-43.831539,-18.562328],[-43.832974,-18.561561],[-43.83409,-18.561157],[-43.835266,-18.560816],[-43.836701,-18.560544],[-43.838005,-18.560274],[-43.839019,-18.560032],[-43.839588,-18.559945],[-43.839897,-18.559982],[-43.840162,-18.560108],[-43.840341,-18.560269],[-43.840478,-18.560472],[-43.840772,-18.561134],[-43.840917,-18.561354],[-43.841153,-18.5616],[-43.841459,-18.561756],[-43.84176,-18.561817],[-43.842164,-18.561821],[-43.842916,-18.561548],[-43.844117,-18.561143],[-43.845312,-18.560668],[-43.845805,-18.560549],[-43.846205,-18.560544],[-43.846643,-18.560609],[-43.851373,-18.561463],[-43.854481,-18.562008],[-43.854876,-18.56208],[-43.855293,-18.562254],[-43.85576,-18.562525],[-43.856016,-18.56272],[-43.85995,-18.565575],[-43.863351,-18.568107],[-43.864142,-18.568746],[-43.864791,-18.569477],[-43.867591,-18.572693],[-43.869097,-18.574446],[-43.870935,-18.576606],[-43.872433,-18.578314],[-43.872933,-18.578856],[-43.873338,-18.579238],[-43.874225,-18.57985],[-43.875318,-18.58059],[-43.875787,-18.580841],[-43.87611,-18.580983],[-43.876443,-18.581109],[-43.876706,-18.581188],[-43.87697,-18.581261],[-43.877576,-18.581411],[-43.879128,-18.581765],[-43.879857,-18.581947],[-43.880462,-18.582102],[-43.880894,-18.582203],[-43.881473,-18.582337],[-43.881907,-18.58244],[-43.882529,-18.582601],[-43.883878,-18.58293],[-43.88466,-18.583113],[-43.885732,-18.583368],[-43.886789,-18.583628],[-43.887155,-18.583719],[-43.88742,-18.583784],[-43.888028,-18.583933],[-43.888568,-18.584064],[-43.888956,-18.58416],[-43.889295,-18.584252],[-43.889687,-18.584371],[-43.890154,-18.584518],[-43.89049,-18.584631],[-43.890739,-18.584718],[-43.891029,-18.584837],[-43.891376,-18.584995],[-43.891888,-18.58522],[-43.89237,-18.585442],[-43.892962,-18.58572],[-43.893799,-18.586094],[-43.89441,-18.586373],[-43.895216,-18.586734],[-43.896013,-18.587086],[-43.896651,-18.587366],[-43.897273,-18.587646],[-43.89752,-18.587759],[-43.897742,-18.587858],[-43.898101,-18.588002],[-43.89842,-18.588113],[-43.898493,-18.588135],[-43.898582,-18.588165],[-43.899105,-18.588316],[-43.899605,-18.588426],[-43.900115,-18.588536],[-43.900486,-18.588616],[-43.901433,-18.588831],[-43.902293,-18.589037],[-43.904339,-18.589469],[-43.905494,-18.589718],[-43.906365,-18.589925],[-43.906615,-18.58997],[-43.9068,-18.589995],[-43.906985,-18.589993],[-43.907108,-18.589982],[-43.907295,-18.589955],[-43.907452,-18.589919],[-43.907668,-18.589868],[-43.907959,-18.589788],[-43.908186,-18.589716],[-43.908372,-18.589645],[-43.908566,-18.589546],[-43.908668,-18.589481],[-43.908769,-18.589401],[-43.908898,-18.589296],[-43.909119,-18.589092],[-43.909339,-18.588885],[-43.909716,-18.588532],[-43.910479,-18.587846],[-43.910746,-18.5876],[-43.911574,-18.586839],[-43.912954,-18.585586],[-43.913599,-18.584997],[-43.914631,-18.584053],[-43.91556,-18.583214],[-43.91566,-18.583123],[-43.915769,-18.583034],[-43.915851,-18.582974],[-43.916025,-18.582863],[-43.91616,-18.582793],[-43.916315,-18.582724],[-43.916883,-18.582517],[-43.917391,-18.582368],[-43.918004,-18.582188],[-43.918344,-18.582088],[-43.918563,-18.582029],[-43.918814,-18.581972],[-43.918973,-18.58196],[-43.919146,-18.581966],[-43.919359,-18.581982],[-43.91953,-18.582024],[-43.919785,-18.582104],[-43.920155,-18.582241],[-43.920569,-18.582401],[-43.921305,-18.582679],[-43.921922,-18.582911],[-43.922326,-18.583072],[-43.92271,-18.583228],[-43.923145,-18.583388],[-43.923911,-18.583665],[-43.924244,-18.583799],[-43.924666,-18.58396],[-43.925153,-18.584165],[-43.92565,-18.584353],[-43.926211,-18.584566],[-43.926522,-18.584701],[-43.926793,-18.584819],[-43.927271,-18.585053],[-43.927859,-18.585334],[-43.928171,-18.585494],[-43.92837,-18.585608],[-43.928541,-18.585717],[-43.928758,-18.585863],[-43.928997,-18.586045],[-43.929198,-18.58622],[-43.929392,-18.586388],[-43.929568,-18.586565],[-43.929838,-18.586871],[-43.930022,-18.587088],[-43.930422,-18.587555],[-43.930882,-18.588091],[-43.93305,-18.590604],[-43.933316,-18.590898],[-43.933578,-18.591158],[-43.933791,-18.591361],[-43.934187,-18.591713],[-43.934457,-18.591939],[-43.934696,-18.592112],[-43.935272,-18.5925],[-43.936505,-18.593229],[-43.938376,-18.594338],[-43.93944,-18.595017],[-43.940816,-18.595988],[-43.94319,-18.597858],[-43.943475,-18.598058],[-43.943809,-18.598246],[-43.944061,-18.598352],[-43.944338,-18.598446],[-43.944689,-18.598527],[-43.944936,-18.598542],[-43.9452,-18.598546],[-43.945622,-18.598554],[-43.945963,-18.598639],[-43.94622,-18.598789],[-43.946432,-18.599052],[-43.946962,-18.600076],[-43.947215,-18.600394],[-43.947452,-18.600569],[-43.947756,-18.600739],[-43.948186,-18.600858],[-43.948912,-18.600883],[-43.949474,-18.600871],[-43.950268,-18.600838],[-43.951052,-18.600621],[-43.95187,-18.600241],[-43.95247,-18.599816],[-43.953015,-18.59916],[-43.953889,-18.59746],[-43.954916,-18.595312],[-43.955265,-18.594925],[-43.95559,-18.594622],[-43.95586,-18.594416],[-43.95626,-18.594295],[-43.95681,-18.59415],[-43.958982,-18.593862],[-43.959914,-18.593743],[-43.960241,-18.593701],[-43.960737,-18.5937],[-43.961166,-18.593809],[-43.96145,-18.594062],[-43.961849,-18.59455],[-43.96219,-18.595084],[-43.962297,-18.595194],[-43.962461,-18.5953],[-43.962783,-18.59543],[-43.963169,-18.595419],[-43.963523,-18.595219],[-43.963673,-18.595075],[-43.963786,-18.594896],[-43.963941,-18.594352],[-43.964446,-18.592789],[-43.964671,-18.592441],[-43.964824,-18.592293],[-43.964979,-18.592196],[-43.965325,-18.592107],[-43.965548,-18.592105],[-43.965781,-18.592188],[-43.966814,-18.592718],[-43.967007,-18.592768],[-43.967404,-18.592781],[-43.967863,-18.592735],[-43.968191,-18.59274],[-43.968419,-18.592776],[-43.968574,-18.592865],[-43.968735,-18.592985],[-43.968909,-18.593257],[-43.969,-18.593493],[-43.968999,-18.594088],[-43.969029,-18.595172],[-43.969033,-18.595266],[-43.96906,-18.596063],[-43.968909,-18.59656],[-43.9687,-18.596889],[-43.96813,-18.59763],[-43.967908,-18.598016],[-43.967896,-18.598667],[-43.967912,-18.600193],[-43.96788,-18.601011],[-43.967853,-18.601567],[-43.967678,-18.60208],[-43.967575,-18.60252],[-43.967576,-18.602891],[-43.968284,-18.604638],[-43.968495,-18.604868],[-43.968664,-18.605001],[-43.968892,-18.605102],[-43.969052,-18.605145],[-43.969254,-18.605166],[-43.969581,-18.605116],[-43.971212,-18.604864],[-43.972879,-18.604577],[-43.973458,-18.604386],[-43.973995,-18.604106],[-43.974984,-18.603497],[-43.975429,-18.603219],[-43.975876,-18.60302],[-43.976844,-18.602711],[-43.977563,-18.602485],[-43.978048,-18.602395],[-43.978175,-18.602399],[-43.978567,-18.602409],[-43.979136,-18.602579],[-43.979845,-18.603037],[-43.980657,-18.603741],[-43.981275,-18.6044],[-43.981761,-18.605093],[-43.982319,-18.606157],[-43.982871,-18.607295],[-43.984335,-18.61032],[-43.984436,-18.610706],[-43.984447,-18.610977],[-43.984446,-18.611303],[-43.984477,-18.612531],[-43.984516,-18.613116],[-43.984588,-18.613596],[-43.98466,-18.613946],[-43.984809,-18.614366],[-43.985089,-18.614764],[-43.985513,-18.615138],[-43.985868,-18.615338],[-43.986249,-18.615493],[-43.98688,-18.615566],[-43.988305,-18.61556],[-43.988911,-18.61555],[-43.989958,-18.615494],[-43.990717,-18.61541],[-43.991588,-18.615276],[-43.992352,-18.615165],[-43.992809,-18.615072],[-43.993768,-18.614788],[-43.994153,-18.614726],[-43.994468,-18.614729],[-43.994754,-18.614813],[-43.994907,-18.614912],[-43.995047,-18.615048],[-43.995183,-18.615256],[-43.99523,-18.615419],[-43.995237,-18.615534],[-43.995223,-18.615928],[-43.995116,-18.61692],[-43.994967,-18.618491],[-43.994979,-18.618812],[-43.995068,-18.619074],[-43.99516,-18.619246],[-43.995312,-18.619429],[-43.995497,-18.619567],[-43.995612,-18.61964],[-43.99576,-18.619707],[-43.995982,-18.619769],[-43.996359,-18.6198],[-43.996576,-18.619754],[-43.996739,-18.619687],[-43.996937,-18.619599],[-43.997107,-18.619488],[-43.997263,-18.619354],[-43.99741,-18.619146],[-43.99759,-18.618689],[-43.997841,-18.618095],[-43.997943,-18.617924],[-43.998105,-18.617761],[-43.998304,-18.617625],[-43.998522,-18.617545],[-43.99873,-18.617512],[-43.998876,-18.617512],[-43.999098,-18.617544],[-44.000777,-18.618033],[-44.001108,-18.618173],[-44.001246,-18.618275],[-44.001402,-18.618461],[-44.001478,-18.618613],[-44.001537,-18.618854],[-44.00156,-18.61923],[-44.001549,-18.62065],[-44.001547,-18.620834],[-44.001565,-18.620998],[-44.001581,-18.621128],[-44.001628,-18.621288],[-44.001695,-18.621447],[-44.001766,-18.621578],[-44.001944,-18.621816],[-44.002152,-18.621985],[-44.003048,-18.622588],[-44.003704,-18.623006],[-44.003971,-18.62316],[-44.004102,-18.62322],[-44.00429,-18.623278],[-44.004486,-18.623285],[-44.004692,-18.623271],[-44.004973,-18.623201],[-44.005694,-18.622924],[-44.005976,-18.622856],[-44.006175,-18.62284],[-44.006299,-18.622847],[-44.006555,-18.622892],[-44.007277,-18.623129],[-44.010371,-18.624195],[-44.011453,-18.624597],[-44.012012,-18.624771],[-44.012553,-18.62489],[-44.013485,-18.624965],[-44.014547,-18.624995],[-44.015289,-18.625079],[-44.015908,-18.625223],[-44.01634,-18.625387],[-44.016626,-18.625515],[-44.01694,-18.625686],[-44.018216,-18.626523],[-44.019637,-18.627449],[-44.020586,-18.628035],[-44.021202,-18.6284],[-44.022039,-18.628805],[-44.023418,-18.629403],[-44.024481,-18.629823],[-44.025693,-18.630349],[-44.026376,-18.630682],[-44.027536,-18.631331],[-44.027934,-18.631507],[-44.028304,-18.631643],[-44.028556,-18.631703],[-44.028798,-18.631729],[-44.029129,-18.631744],[-44.029415,-18.631733],[-44.029893,-18.631691],[-44.030235,-18.63164],[-44.030553,-18.631623],[-44.030661,-18.631625],[-44.030811,-18.631652],[-44.03098,-18.631705],[-44.0311,-18.631769],[-44.031229,-18.631856],[-44.031467,-18.632107],[-44.031665,-18.632318],[-44.031811,-18.632445],[-44.031971,-18.632574],[-44.032282,-18.632758],[-44.034402,-18.633855],[-44.035128,-18.634196],[-44.03571,-18.634446],[-44.036066,-18.634584],[-44.036302,-18.634675],[-44.036585,-18.634791],[-44.036667,-18.634822],[-44.03708,-18.634978],[-44.037271,-18.635033],[-44.037329,-18.635049],[-44.037523,-18.635096],[-44.038175,-18.635206],[-44.03872,-18.635287],[-44.039075,-18.635349],[-44.039333,-18.635415],[-44.039626,-18.635539],[-44.040018,-18.63573],[-44.040154,-18.635806],[-44.040666,-18.63609],[-44.040755,-18.636139],[-44.04125,-18.636452],[-44.04155,-18.636642],[-44.0419,-18.636936],[-44.042823,-18.637716],[-44.042963,-18.63784],[-44.043138,-18.638026],[-44.043403,-18.638347],[-44.044297,-18.639585],[-44.044518,-18.639895],[-44.046227,-18.64228],[-44.046382,-18.642499],[-44.04738,-18.643863],[-44.047859,-18.644294],[-44.048016,-18.644436],[-44.048609,-18.644724],[-44.049223,-18.644949],[-44.049698,-18.645082],[-44.050931,-18.645305],[-44.051488,-18.645426],[-44.051726,-18.645544],[-44.052187,-18.645834],[-44.052891,-18.646557],[-44.052957,-18.646613],[-44.053052,-18.646695],[-44.053491,-18.646902],[-44.053808,-18.646922],[-44.0542,-18.646947],[-44.054334,-18.64691],[-44.054514,-18.646894],[-44.055199,-18.646833],[-44.055648,-18.646819],[-44.055825,-18.646848],[-44.055915,-18.646862],[-44.056167,-18.646971],[-44.056388,-18.647137],[-44.056503,-18.647354],[-44.056571,-18.647505],[-44.056617,-18.647765],[-44.056655,-18.648069],[-44.056701,-18.648437],[-44.056731,-18.648871],[-44.056908,-18.6493],[-44.057087,-18.649586],[-44.057313,-18.64983],[-44.057637,-18.650038],[-44.060102,-18.651329],[-44.061319,-18.651958],[-44.062591,-18.652556],[-44.06625,-18.653944],[-44.066676,-18.654041],[-44.067016,-18.654043],[-44.067322,-18.653935],[-44.067787,-18.653557],[-44.06859,-18.652808],[-44.068719,-18.652687],[-44.069707,-18.651756],[-44.070297,-18.651282],[-44.070707,-18.651148],[-44.07118,-18.651199],[-44.07283,-18.651679],[-44.074015,-18.65201],[-44.074471,-18.652056],[-44.075838,-18.652119],[-44.076233,-18.652089],[-44.076879,-18.65194],[-44.077853,-18.651751],[-44.079259,-18.651586],[-44.080444,-18.651403],[-44.080792,-18.651276],[-44.081579,-18.650895],[-44.082422,-18.650596],[-44.084,-18.650273],[-44.086276,-18.649781],[-44.087592,-18.649477],[-44.088059,-18.649383],[-44.088391,-18.64937],[-44.088719,-18.649392],[-44.089883,-18.649668],[-44.090363,-18.649781],[-44.091919,-18.650153],[-44.095593,-18.650998],[-44.098825,-18.651716],[-44.099595,-18.651832],[-44.100067,-18.651966],[-44.100604,-18.652154],[-44.101508,-18.652474],[-44.102042,-18.652652],[-44.102761,-18.652907],[-44.103485,-18.653165],[-44.104094,-18.653394],[-44.104938,-18.653688],[-44.105725,-18.653968],[-44.107899,-18.654788],[-44.110087,-18.655576],[-44.112087,-18.656325],[-44.114014,-18.656991],[-44.11464,-18.657215],[-44.115445,-18.657491],[-44.115837,-18.65766],[-44.116404,-18.657973],[-44.1173,-18.658463],[-44.119649,-18.659724],[-44.121908,-18.660922],[-44.123937,-18.661997],[-44.126159,-18.663169],[-44.126438,-18.663314],[-44.126578,-18.663389],[-44.127849,-18.664061],[-44.128533,-18.664426],[-44.130329,-18.665371],[-44.132882,-18.666718],[-44.133396,-18.666973],[-44.133684,-18.667078],[-44.134192,-18.667218],[-44.134371,-18.66727],[-44.135358,-18.667547],[-44.135662,-18.667596],[-44.135776,-18.667599],[-44.135947,-18.667593],[-44.136377,-18.667528],[-44.137186,-18.667401],[-44.138539,-18.667156],[-44.138888,-18.667092],[-44.139623,-18.666973],[-44.141453,-18.666668],[-44.143544,-18.666321],[-44.145,-18.666073],[-44.147885,-18.66557],[-44.149183,-18.665345],[-44.149492,-18.665304],[-44.149769,-18.665281],[-44.150043,-18.665279],[-44.15043,-18.665302],[-44.150775,-18.665353],[-44.151049,-18.665409],[-44.15144,-18.665522],[-44.155474,-18.666735],[-44.158578,-18.667665],[-44.159098,-18.667823],[-44.159495,-18.667935],[-44.159732,-18.667978],[-44.160005,-18.668003],[-44.16074,-18.668064],[-44.164555,-18.668284],[-44.167481,-18.668463],[-44.16939,-18.668589],[-44.171899,-18.668754],[-44.173852,-18.66893],[-44.174783,-18.669133],[-44.177843,-18.66985],[-44.181402,-18.67067],[-44.186271,-18.671754],[-44.187515,-18.67202],[-44.188859,-18.672306],[-44.190526,-18.67267],[-44.191029,-18.672653],[-44.191457,-18.67251],[-44.191973,-18.672277],[-44.192222,-18.672164],[-44.193818,-18.671362],[-44.194688,-18.670943],[-44.196318,-18.670494],[-44.1976,-18.670256],[-44.199869,-18.669872],[-44.200748,-18.669724],[-44.200819,-18.669712],[-44.202946,-18.669354],[-44.203777,-18.669247],[-44.204528,-18.669255],[-44.205751,-18.669405],[-44.20749,-18.669669],[-44.207946,-18.669752],[-44.208361,-18.669885],[-44.208835,-18.670183],[-44.209781,-18.670819],[-44.211094,-18.671735],[-44.214324,-18.674007],[-44.215115,-18.67451],[-44.215742,-18.674868],[-44.216293,-18.675048],[-44.218361,-18.675544],[-44.219028,-18.675637],[-44.220455,-18.675668],[-44.221762,-18.675587],[-44.222416,-18.675618],[-44.222947,-18.675734],[-44.22424,-18.676068],[-44.224782,-18.676286],[-44.225555,-18.67685],[-44.226319,-18.677423],[-44.226896,-18.677976],[-44.227566,-18.67852],[-44.228355,-18.678942],[-44.229657,-18.679274],[-44.233421,-18.680041],[-44.234191,-18.680115],[-44.23435,-18.680114],[-44.234985,-18.680108],[-44.23576,-18.67994],[-44.236498,-18.679704],[-44.238703,-18.678774],[-44.239508,-18.678606],[-44.240462,-18.678578],[-44.241175,-18.678638],[-44.241819,-18.678779],[-44.242733,-18.679094],[-44.243359,-18.679487],[-44.244188,-18.680171],[-44.244668,-18.680674],[-44.245625,-18.681659],[-44.245792,-18.68183],[-44.247374,-18.683565],[-44.247825,-18.684024],[-44.248283,-18.68444],[-44.248491,-18.684601],[-44.248659,-18.684731],[-44.248839,-18.684876],[-44.249091,-18.68508],[-44.249703,-18.685457],[-44.250314,-18.685775],[-44.252143,-18.686646],[-44.253134,-18.687125],[-44.255846,-18.688435],[-44.261802,-18.691285],[-44.264549,-18.692591],[-44.266208,-18.693352],[-44.266957,-18.693649],[-44.267681,-18.69382],[-44.268757,-18.693853],[-44.269223,-18.693802],[-44.270265,-18.693407],[-44.271581,-18.692906],[-44.272531,-18.692517],[-44.273134,-18.692278],[-44.273978,-18.692103],[-44.274446,-18.692084],[-44.274948,-18.692123],[-44.275488,-18.692216],[-44.276091,-18.692369],[-44.27852,-18.693011],[-44.279091,-18.693153],[-44.279622,-18.693259],[-44.279928,-18.69329],[-44.280407,-18.69329],[-44.280672,-18.693263],[-44.280911,-18.693224],[-44.281456,-18.693096],[-44.284874,-18.692211],[-44.28859,-18.69125],[-44.289948,-18.690921],[-44.291254,-18.690743],[-44.292218,-18.690717],[-44.292831,-18.690742],[-44.293086,-18.690752],[-44.293897,-18.690852],[-44.296555,-18.691367],[-44.299873,-18.69201],[-44.304576,-18.692907],[-44.307002,-18.693373],[-44.309102,-18.693775],[-44.310173,-18.69399],[-44.311176,-18.694265],[-44.312517,-18.694721],[-44.313132,-18.69495],[-44.313414,-18.695038],[-44.313538,-18.69508],[-44.313691,-18.695125],[-44.313879,-18.695185],[-44.315937,-18.695881],[-44.318337,-18.696696],[-44.320256,-18.697352],[-44.321898,-18.697906],[-44.325676,-18.699226],[-44.325942,-18.699319],[-44.32617,-18.699443],[-44.326535,-18.699642],[-44.326975,-18.699955],[-44.327464,-18.700387],[-44.327844,-18.700818],[-44.32794,-18.700957],[-44.328195,-18.701323],[-44.32847,-18.701817],[-44.328811,-18.702537],[-44.329255,-18.703485],[-44.329603,-18.704174],[-44.329964,-18.704737],[-44.330444,-18.705267],[-44.331074,-18.70582],[-44.331963,-18.706579],[-44.333759,-18.708096],[-44.335351,-18.709479],[-44.335876,-18.710025],[-44.336266,-18.710497],[-44.336607,-18.710972],[-44.336941,-18.711484],[-44.337266,-18.712067],[-44.337517,-18.712589],[-44.3377,-18.713028],[-44.337823,-18.713364],[-44.337985,-18.713861],[-44.338221,-18.714625],[-44.338388,-18.715082],[-44.338567,-18.715458],[-44.338711,-18.715705],[-44.338928,-18.716012],[-44.339171,-18.716323],[-44.339427,-18.716591],[-44.339782,-18.716895],[-44.340088,-18.717111],[-44.34046,-18.717346],[-44.341164,-18.717752],[-44.342552,-18.718543],[-44.345143,-18.72],[-44.346181,-18.720608],[-44.346249,-18.720648],[-44.346617,-18.720861],[-44.346833,-18.720988],[-44.347864,-18.721671],[-44.348219,-18.721955],[-44.348548,-18.722246],[-44.349768,-18.723418],[-44.351412,-18.725022],[-44.351546,-18.725161],[-44.355804,-18.72931],[-44.356477,-18.729964],[-44.357195,-18.730655],[-44.357843,-18.731179],[-44.357913,-18.731229],[-44.358284,-18.731483],[-44.358584,-18.731675],[-44.359169,-18.732026],[-44.359442,-18.732163],[-44.359622,-18.732253],[-44.359874,-18.732374],[-44.360262,-18.73254],[-44.360535,-18.732656],[-44.360827,-18.732764],[-44.361019,-18.73284],[-44.362283,-18.733185],[-44.363305,-18.733428],[-44.364098,-18.73362],[-44.365505,-18.733963],[-44.366928,-18.734313],[-44.367001,-18.734328],[-44.367167,-18.734372],[-44.367948,-18.734566],[-44.368618,-18.734727],[-44.368958,-18.734807],[-44.371885,-18.735513],[-44.373043,-18.735796],[-44.376846,-18.736736],[-44.379105,-18.737289],[-44.380501,-18.73762],[-44.381371,-18.737844],[-44.384003,-18.738489],[-44.387802,-18.73942],[-44.390306,-18.740032],[-44.390492,-18.740079],[-44.391468,-18.740322],[-44.395306,-18.741277],[-44.395749,-18.741389],[-44.397932,-18.741984],[-44.39821,-18.742071],[-44.400566,-18.742806],[-44.402621,-18.743452],[-44.40471,-18.744099],[-44.404921,-18.744165],[-44.408226,-18.745188],[-44.408325,-18.745219],[-44.410432,-18.745875],[-44.411657,-18.74625],[-44.412162,-18.746413],[-44.412478,-18.746508],[-44.412594,-18.746545],[-44.412896,-18.746648],[-44.413212,-18.746768],[-44.413999,-18.747117],[-44.414262,-18.747237],[-44.414879,-18.747634],[-44.415343,-18.747974],[-44.415819,-18.748513],[-44.415883,-18.748604],[-44.416175,-18.749021],[-44.416404,-18.749397],[-44.416548,-18.749675],[-44.416605,-18.74982],[-44.416687,-18.750028],[-44.417308,-18.751556],[-44.417426,-18.751857],[-44.417449,-18.751913],[-44.417557,-18.752175],[-44.417616,-18.752249],[-44.417686,-18.752285],[-44.417752,-18.752299],[-44.417821,-18.752314],[-44.417899,-18.75233],[-44.417981,-18.752405],[-44.418055,-18.752627],[-44.41809,-18.752905],[-44.418106,-18.75303],[-44.418129,-18.753223],[-44.418141,-18.753325],[-44.418428,-18.75418],[-44.418619,-18.754775],[-44.41868,-18.754904],[-44.419087,-18.755877],[-44.419314,-18.756394],[-44.419524,-18.756891],[-44.419564,-18.756986],[-44.419825,-18.757661],[-44.419879,-18.7578],[-44.419954,-18.757995],[-44.419976,-18.75805],[-44.420489,-18.759329],[-44.421138,-18.760875],[-44.421228,-18.761089],[-44.421583,-18.761947],[-44.421862,-18.762637],[-44.42195,-18.762869],[-44.421984,-18.762962],[-44.422074,-18.763174],[-44.422203,-18.763448],[-44.422301,-18.763644],[-44.422542,-18.764058],[-44.422621,-18.764196],[-44.423035,-18.764833],[-44.42334,-18.765249],[-44.423652,-18.765658],[-44.423984,-18.76603],[-44.424175,-18.766231],[-44.424406,-18.766449],[-44.424692,-18.766708],[-44.424988,-18.766938],[-44.425271,-18.767157],[-44.425828,-18.767555],[-44.42652,-18.768009],[-44.426605,-18.768068],[-44.427495,-18.768686],[-44.428138,-18.769123],[-44.428364,-18.76927],[-44.429207,-18.76984],[-44.429578,-18.770054],[-44.429631,-18.770077],[-44.429687,-18.77009],[-44.429769,-18.770101],[-44.429807,-18.770081],[-44.429847,-18.770066],[-44.429888,-18.770056],[-44.429931,-18.770051],[-44.430008,-18.770055],[-44.430082,-18.770076],[-44.430149,-18.770112],[-44.430205,-18.770162],[-44.430246,-18.770219],[-44.430273,-18.770283],[-44.430285,-18.770351],[-44.430283,-18.770408],[-44.43027,-18.770464],[-44.430247,-18.770517],[-44.430214,-18.770565],[-44.430173,-18.770606],[-44.430135,-18.770679],[-44.430034,-18.770877],[-44.430009,-18.770937],[-44.42999,-18.770992],[-44.42997,-18.771071],[-44.429789,-18.771907],[-44.429741,-18.772156],[-44.429698,-18.772381],[-44.429618,-18.772761],[-44.429583,-18.772912],[-44.42953,-18.773059],[-44.429459,-18.773181],[-44.429152,-18.773604],[-44.428751,-18.774137],[-44.428331,-18.774644],[-44.42813,-18.774933],[-44.427965,-18.775181],[-44.42776,-18.775445],[-44.427553,-18.775697],[-44.427154,-18.776236],[-44.426929,-18.776538],[-44.426155,-18.777573],[-44.425946,-18.777847],[-44.425742,-18.778123],[-44.425135,-18.778858],[-44.424456,-18.779784],[-44.423972,-18.78045],[-44.423819,-18.780694],[-44.423583,-18.78115],[-44.423541,-18.781232],[-44.423387,-18.781448],[-44.4231,-18.782048],[-44.42231,-18.78448],[-44.422216,-18.784882],[-44.422164,-18.785053],[-44.421681,-18.78672],[-44.421151,-18.788434],[-44.421,-18.788891],[-44.420603,-18.79032],[-44.420464,-18.79088],[-44.420391,-18.791144],[-44.420263,-18.791424],[-44.420156,-18.791621],[-44.419925,-18.792018],[-44.419846,-18.79217],[-44.419657,-18.792547],[-44.419241,-18.794009],[-44.419098,-18.794694],[-44.419046,-18.79511],[-44.418967,-18.798769],[-44.418948,-18.799256],[-44.418883,-18.799672],[-44.418815,-18.799917],[-44.418744,-18.800126],[-44.418236,-18.801248],[-44.417652,-18.802448],[-44.417493,-18.802724],[-44.4174,-18.802878],[-44.417232,-18.803109],[-44.414664,-18.806002],[-44.414289,-18.806385],[-44.414272,-18.806439],[-44.413981,-18.806771],[-44.412973,-18.807888],[-44.412862,-18.808039],[-44.412769,-18.808188],[-44.412682,-18.808347],[-44.412596,-18.808578],[-44.41256,-18.808675],[-44.412488,-18.808996],[-44.412389,-18.809614],[-44.412364,-18.809765],[-44.412293,-18.810187],[-44.412081,-18.811073],[-44.412003,-18.811325],[-44.411838,-18.811884],[-44.411533,-18.812987],[-44.4115,-18.813029],[-44.410539,-18.816565],[-44.410479,-18.816779],[-44.410363,-18.817147],[-44.41026,-18.817396],[-44.410126,-18.817633],[-44.409976,-18.817838],[-44.40791,-18.820341],[-44.407482,-18.820939],[-44.406294,-18.822877],[-44.405556,-18.824081],[-44.405024,-18.824939],[-44.403993,-18.826626],[-44.403635,-18.82719],[-44.403293,-18.827689],[-44.402829,-18.828274],[-44.402291,-18.828889],[-44.401969,-18.829268],[-44.401757,-18.829532],[-44.401562,-18.829787],[-44.401381,-18.830054],[-44.400965,-18.830737],[-44.399616,-18.833307],[-44.397629,-18.837123],[-44.396197,-18.839733],[-44.396037,-18.840121],[-44.395856,-18.840614],[-44.39568,-18.841097],[-44.39464,-18.844419],[-44.392112,-18.852434],[-44.391956,-18.852914],[-44.391789,-18.853425],[-44.39166,-18.853822],[-44.3909,-18.856299],[-44.390093,-18.85893],[-44.389443,-18.860971],[-44.389277,-18.861486],[-44.389122,-18.8619],[-44.388998,-18.862192],[-44.388883,-18.862425],[-44.388684,-18.862747],[-44.388537,-18.862971],[-44.388328,-18.863258],[-44.388113,-18.863529],[-44.387574,-18.86408],[-44.386249,-18.865491],[-44.384878,-18.866938],[-44.383822,-18.86806],[-44.383443,-18.868456],[-44.383189,-18.868712],[-44.382912,-18.869017],[-44.382682,-18.869288],[-44.38244,-18.8696],[-44.382236,-18.869902],[-44.38203,-18.870268],[-44.381906,-18.870522],[-44.38178,-18.870826],[-44.381665,-18.871144],[-44.381539,-18.871585],[-44.381448,-18.871961],[-44.381244,-18.8729],[-44.380866,-18.874562],[-44.380496,-18.876258],[-44.380125,-18.877884],[-44.379911,-18.878859],[-44.379833,-18.879171],[-44.379771,-18.879397],[-44.379707,-18.87963],[-44.379621,-18.879877],[-44.379509,-18.880169],[-44.379396,-18.880405],[-44.379227,-18.880686],[-44.379098,-18.880902],[-44.378961,-18.881095],[-44.378741,-18.881374],[-44.378505,-18.881625],[-44.378245,-18.881882],[-44.377628,-18.882442],[-44.376958,-18.883024],[-44.376378,-18.883526],[-44.375896,-18.883902],[-44.375367,-18.884275],[-44.374774,-18.884671],[-44.373887,-18.885244],[-44.372916,-18.885866],[-44.372551,-18.886112],[-44.372264,-18.886315],[-44.372036,-18.886483],[-44.371824,-18.88664],[-44.371567,-18.886861],[-44.371306,-18.887064],[-44.371001,-18.887361],[-44.370708,-18.88765],[-44.37037,-18.888],[-44.370097,-18.888315],[-44.369906,-18.888559],[-44.369665,-18.888858],[-44.369434,-18.889178],[-44.369096,-18.889685],[-44.368777,-18.890201],[-44.368466,-18.890711],[-44.368066,-18.891297],[-44.367758,-18.891728],[-44.367406,-18.892198],[-44.367227,-18.892449],[-44.366977,-18.892765],[-44.366677,-18.893162],[-44.366505,-18.893406],[-44.366336,-18.893657],[-44.366218,-18.893873],[-44.36615,-18.894017],[-44.366108,-18.894142],[-44.366038,-18.894411],[-44.366011,-18.894665],[-44.366014,-18.894951],[-44.366049,-18.895246],[-44.366122,-18.895482],[-44.366216,-18.895702],[-44.366325,-18.895957],[-44.367229,-18.89772],[-44.368101,-18.899523],[-44.368237,-18.8998],[-44.368318,-18.89996],[-44.368458,-18.900194],[-44.368627,-18.900389],[-44.368863,-18.9006],[-44.369153,-18.900793],[-44.369582,-18.901001],[-44.370351,-18.901331],[-44.371524,-18.901823],[-44.372827,-18.902362],[-44.37339,-18.902592],[-44.373862,-18.902752],[-44.374313,-18.902841],[-44.374643,-18.902879],[-44.374911,-18.902889],[-44.375252,-18.902891],[-44.375517,-18.902866],[-44.376901,-18.9027],[-44.378247,-18.902513],[-44.37867,-18.902466],[-44.378931,-18.902462],[-44.379136,-18.902482],[-44.379437,-18.90254],[-44.379707,-18.902626],[-44.379927,-18.902725],[-44.380084,-18.90281],[-44.380363,-18.903006],[-44.380614,-18.903233],[-44.380788,-18.903451],[-44.380891,-18.903617],[-44.380978,-18.903783],[-44.381063,-18.903998],[-44.381185,-18.904371],[-44.381539,-18.905518],[-44.38214,-18.90735],[-44.382306,-18.907895],[-44.382408,-18.908304],[-44.382499,-18.908821],[-44.382792,-18.910996],[-44.383146,-18.914064],[-44.383256,-18.914985],[-44.383341,-18.91572],[-44.383368,-18.915957],[-44.383581,-18.917779],[-44.38376,-18.919235],[-44.383851,-18.920021],[-44.384125,-18.922308],[-44.384159,-18.922759],[-44.384173,-18.923328],[-44.384165,-18.923802],[-44.384076,-18.924375],[-44.383969,-18.924812],[-44.383856,-18.92517],[-44.3836,-18.92577],[-44.383374,-18.9262],[-44.381515,-18.929404],[-44.380797,-18.93072],[-44.380431,-18.931391],[-44.379696,-18.932908],[-44.378361,-18.935744],[-44.377754,-18.937043],[-44.376086,-18.940542],[-44.375576,-18.941628],[-44.375179,-18.942457],[-44.374643,-18.943553],[-44.374066,-18.944989],[-44.373916,-18.94559],[-44.37382,-18.946157],[-44.373795,-18.946595],[-44.373783,-18.947036],[-44.373801,-18.947323],[-44.373813,-18.947488],[-44.373823,-18.947603],[-44.373877,-18.948047],[-44.373964,-18.948427],[-44.374254,-18.949535],[-44.374343,-18.950268],[-44.374368,-18.950716],[-44.374355,-18.951094],[-44.374294,-18.951631],[-44.374215,-18.952081],[-44.373853,-18.953598],[-44.373413,-18.955465],[-44.373203,-18.956253],[-44.373007,-18.956749],[-44.372819,-18.957147],[-44.372419,-18.957801],[-44.37209,-18.958356],[-44.371476,-18.959511],[-44.371314,-18.959792],[-44.371309,-18.959799],[-44.371266,-18.959862],[-44.37123,-18.959916],[-44.371062,-18.960162],[-44.370512,-18.960847],[-44.369843,-18.961629],[-44.36943,-18.962195],[-44.36943,-18.962196],[-44.36895,-18.962887],[-44.368707,-18.963235],[-44.368549,-18.963449],[-44.368246,-18.963792],[-44.367967,-18.964066],[-44.367966,-18.964066],[-44.367347,-18.964545],[-44.366706,-18.964972],[-44.366419,-18.96517],[-44.365479,-18.965831],[-44.364097,-18.96682],[-44.362943,-18.967656],[-44.362045,-18.968295],[-44.361648,-18.968616],[-44.361334,-18.968903],[-44.360964,-18.969354],[-44.360615,-18.969867],[-44.360309,-18.97044],[-44.359805,-18.971566],[-44.359379,-18.97253],[-44.35897,-18.973381],[-44.358615,-18.973994],[-44.358299,-18.974474],[-44.358009,-18.974903],[-44.356729,-18.976727],[-44.355957,-18.977822],[-44.355698,-18.978192],[-44.35451,-18.979864],[-44.354233,-18.980269],[-44.353149,-18.981793],[-44.352327,-18.982912],[-44.351522,-18.984114],[-44.351166,-18.984755],[-44.3509,-18.985381],[-44.350706,-18.986072],[-44.350559,-18.986872],[-44.350342,-18.988318],[-44.350079,-18.989846],[-44.349918,-18.990528],[-44.349336,-18.992205],[-44.34825,-18.995314],[-44.348081,-18.995877],[-44.347896,-18.996626],[-44.347751,-18.997419],[-44.347614,-18.998532],[-44.347547,-18.999369],[-44.347448,-19.000835],[-44.347381,-19.001616],[-44.347247,-19.003523],[-44.347014,-19.006539],[-44.346566,-19.012361],[-44.346255,-19.016535],[-44.346115,-19.018183],[-44.345984,-19.019875],[-44.345884,-19.020648],[-44.345782,-19.021145],[-44.345713,-19.021437],[-44.345522,-19.022094],[-44.345377,-19.022672],[-44.345184,-19.023407],[-44.345069,-19.023846],[-44.344959,-19.024221],[-44.344822,-19.024764],[-44.344651,-19.025415],[-44.344034,-19.027756],[-44.342773,-19.032543],[-44.342179,-19.034776],[-44.341022,-19.039198],[-44.340324,-19.041817],[-44.339703,-19.044195],[-44.339196,-19.046113],[-44.338818,-19.04754],[-44.338494,-19.048756],[-44.338216,-19.049795],[-44.337987,-19.050685],[-44.33781,-19.051365],[-44.337698,-19.05176],[-44.337611,-19.052101],[-44.337498,-19.052541],[-44.337394,-19.052929],[-44.3373,-19.053262],[-44.337246,-19.053474],[-44.337126,-19.05391],[-44.33691,-19.054536],[-44.336679,-19.055136],[-44.336503,-19.055559],[-44.336318,-19.05601],[-44.336251,-19.056173],[-44.336171,-19.056382],[-44.336061,-19.056688],[-44.335974,-19.056949],[-44.335894,-19.057191],[-44.335822,-19.057474],[-44.335746,-19.057846],[-44.335691,-19.058247],[-44.335633,-19.058711],[-44.335601,-19.058979],[-44.335547,-19.059291],[-44.335464,-19.059645],[-44.335358,-19.05994],[-44.335178,-19.060277],[-44.334902,-19.060658],[-44.334517,-19.061043],[-44.333936,-19.061556],[-44.333734,-19.06176],[-44.333523,-19.061999],[-44.333371,-19.062209],[-44.333248,-19.062399],[-44.333025,-19.062872],[-44.332924,-19.063189],[-44.332817,-19.063705],[-44.33275,-19.064131],[-44.332679,-19.06458],[-44.332613,-19.065047],[-44.332531,-19.065611],[-44.332463,-19.066017],[-44.33228,-19.067259],[-44.332134,-19.068214],[-44.332055,-19.068614],[-44.331932,-19.069091],[-44.331792,-19.069558],[-44.331675,-19.06993],[-44.331567,-19.070385],[-44.33148,-19.070844],[-44.331418,-19.071324],[-44.331366,-19.07215],[-44.331309,-19.072997],[-44.331286,-19.073227],[-44.331252,-19.073475],[-44.331063,-19.074446],[-44.330991,-19.074803],[-44.330712,-19.076092],[-44.330588,-19.076598],[-44.330448,-19.077046],[-44.330279,-19.077467],[-44.330061,-19.077879],[-44.329861,-19.078203],[-44.329117,-19.079237],[-44.328952,-19.079488],[-44.328901,-19.079571],[-44.328678,-19.08],[-44.328605,-19.080162],[-44.328503,-19.080378],[-44.328458,-19.080485],[-44.328369,-19.08069],[-44.328311,-19.080853],[-44.328159,-19.081266],[-44.328084,-19.081532],[-44.327988,-19.081924],[-44.327908,-19.082251],[-44.327855,-19.082497],[-44.327818,-19.08277],[-44.327555,-19.085025],[-44.327413,-19.086249],[-44.327382,-19.086426],[-44.327353,-19.086617],[-44.327321,-19.086746],[-44.327062,-19.087755],[-44.32698,-19.087995],[-44.326897,-19.088215],[-44.326621,-19.088864],[-44.326446,-19.089185],[-44.326103,-19.089765],[-44.325879,-19.090095],[-44.325443,-19.09067],[-44.325202,-19.090931],[-44.323939,-19.092226],[-44.323331,-19.092847],[-44.323048,-19.093198],[-44.322875,-19.093438],[-44.322738,-19.093658],[-44.3226,-19.093902],[-44.322419,-19.094282],[-44.322241,-19.094715],[-44.32199,-19.095389],[-44.321471,-19.096777],[-44.320437,-19.099504],[-44.320242,-19.100005],[-44.319988,-19.100598],[-44.319778,-19.100972],[-44.319479,-19.10146],[-44.319013,-19.102135],[-44.31879,-19.102503],[-44.318604,-19.10285],[-44.318455,-19.103177],[-44.318299,-19.103624],[-44.318224,-19.103945],[-44.318158,-19.104385],[-44.318128,-19.104819],[-44.318102,-19.107537],[-44.318107,-19.109414],[-44.318105,-19.109898],[-44.318138,-19.110166],[-44.318187,-19.110452],[-44.318268,-19.110669],[-44.318366,-19.110884],[-44.318487,-19.111088],[-44.318673,-19.111333],[-44.318854,-19.11152],[-44.31909,-19.111707],[-44.319308,-19.111852],[-44.319691,-19.112063],[-44.32023,-19.112346],[-44.320549,-19.112528],[-44.320736,-19.112625],[-44.32089,-19.112737],[-44.321032,-19.112884],[-44.321216,-19.1131],[-44.321342,-19.113291],[-44.321545,-19.113678],[-44.321815,-19.114229],[-44.321897,-19.114385],[-44.321994,-19.114521],[-44.322082,-19.11463],[-44.3222,-19.114734],[-44.322364,-19.114853],[-44.322608,-19.114997],[-44.322718,-19.115086],[-44.322895,-19.115251],[-44.323071,-19.115493],[-44.323177,-19.11576],[-44.323238,-19.115958],[-44.323295,-19.11615],[-44.323348,-19.116305],[-44.323512,-19.116622],[-44.32366,-19.116809],[-44.323866,-19.117017],[-44.324102,-19.117225],[-44.324228,-19.117301],[-44.324427,-19.117461],[-44.324596,-19.11761],[-44.324834,-19.117856],[-44.325001,-19.118097],[-44.325151,-19.118338],[-44.325309,-19.118672],[-44.325387,-19.118991],[-44.325489,-19.11942],[-44.32554,-19.11966],[-44.325604,-19.119972],[-44.325687,-19.120476],[-44.325787,-19.120558],[-44.325864,-19.120611],[-44.32595,-19.120639],[-44.326129,-19.120646],[-44.326791,-19.120577],[-44.327835,-19.120441],[-44.328323,-19.120433],[-44.328508,-19.12042],[-44.328658,-19.120403],[-44.328796,-19.120366],[-44.328942,-19.120303],[-44.32908,-19.120204],[-44.329166,-19.120119],[-44.32926,-19.119995],[-44.329387,-19.119717],[-44.329898,-19.118338],[-44.330231,-19.117554],[-44.330776,-19.116388],[-44.331003,-19.115915],[-44.331368,-19.115483],[-44.333134,-19.113885],[-44.333449,-19.113681],[-44.33367,-19.113613],[-44.333865,-19.113604],[-44.33419,-19.113653],[-44.334424,-19.113752],[-44.334582,-19.113885],[-44.334776,-19.114228],[-44.335042,-19.115322],[-44.335194,-19.115564],[-44.335391,-19.115779],[-44.335661,-19.115909],[-44.33604,-19.115975],[-44.336342,-19.11595],[-44.336632,-19.115919],[-44.33692,-19.115903],[-44.33713,-19.115935],[-44.337418,-19.116043],[-44.33764,-19.116218],[-44.33814,-19.117007],[-44.338412,-19.117182],[-44.338676,-19.117274],[-44.339053,-19.117266],[-44.339412,-19.117147],[-44.339648,-19.116893],[-44.339783,-19.116603],[-44.339879,-19.1161],[-44.340025,-19.114981],[-44.34015,-19.114663],[-44.340294,-19.114419],[-44.340554,-19.114116],[-44.340877,-19.113952],[-44.341021,-19.113893],[-44.341229,-19.113841],[-44.34159,-19.113814],[-44.341977,-19.113907],[-44.342645,-19.114147],[-44.343498,-19.1145],[-44.343857,-19.114709],[-44.343971,-19.114875],[-44.344079,-19.115187],[-44.34411,-19.115389],[-44.344255,-19.116343],[-44.344373,-19.116569],[-44.344587,-19.116815],[-44.34484,-19.11693],[-44.345942,-19.117317],[-44.34619,-19.117412],[-44.346404,-19.117609],[-44.34649,-19.117778],[-44.346558,-19.118],[-44.346567,-19.118199],[-44.346599,-19.118708],[-44.346667,-19.119496],[-44.346701,-19.120424],[-44.346823,-19.122224],[-44.346953,-19.124085],[-44.347,-19.124354],[-44.347123,-19.124619],[-44.347344,-19.124841],[-44.347622,-19.124977],[-44.348035,-19.125059],[-44.348656,-19.125117],[-44.349624,-19.125215],[-44.34992,-19.125297],[-44.350142,-19.125432],[-44.350228,-19.125539],[-44.350419,-19.125877],[-44.350525,-19.126001],[-44.350703,-19.126091],[-44.350883,-19.126085],[-44.351017,-19.12597],[-44.351021,-19.125802],[-44.350978,-19.125613],[-44.350998,-19.125425],[-44.351103,-19.125149],[-44.351245,-19.125012],[-44.351421,-19.124876],[-44.351678,-19.124765],[-44.351997,-19.124725],[-44.352175,-19.124727],[-44.352272,-19.124728],[-44.352579,-19.124758],[-44.352785,-19.124833],[-44.352898,-19.124946],[-44.352945,-19.125079],[-44.352936,-19.125302],[-44.352961,-19.125404],[-44.352998,-19.125496],[-44.353109,-19.125622],[-44.353216,-19.125729],[-44.353328,-19.125802],[-44.353485,-19.125828],[-44.353622,-19.125758],[-44.35382,-19.125326],[-44.353885,-19.125016],[-44.353879,-19.124836],[-44.353899,-19.124663],[-44.353868,-19.124467],[-44.353766,-19.124325],[-44.353684,-19.124149],[-44.353661,-19.123919],[-44.353715,-19.123684],[-44.353827,-19.123503],[-44.354014,-19.123313],[-44.354215,-19.123124],[-44.354322,-19.123001],[-44.354433,-19.122756],[-44.354495,-19.12262],[-44.354587,-19.122538],[-44.354741,-19.122445],[-44.35508,-19.122078],[-44.355207,-19.12197],[-44.355459,-19.121842],[-44.355663,-19.121746],[-44.355878,-19.121703],[-44.35614,-19.121717],[-44.356719,-19.12181],[-44.357074,-19.121842],[-44.357369,-19.121781],[-44.357662,-19.121656],[-44.357943,-19.121487],[-44.358429,-19.121129],[-44.35858,-19.121001],[-44.358811,-19.120783],[-44.359113,-19.120573],[-44.359715,-19.120252],[-44.360187,-19.120033],[-44.360626,-19.119841],[-44.361008,-19.119691],[-44.361447,-19.119645],[-44.361675,-19.11966],[-44.361882,-19.119725],[-44.362242,-19.119842],[-44.362296,-19.119898],[-44.362366,-19.119948],[-44.362744,-19.120022],[-44.3629,-19.120042],[-44.363042,-19.120024],[-44.36316,-19.119981],[-44.363256,-19.119915],[-44.363404,-19.119743],[-44.363605,-19.11949],[-44.364013,-19.11912],[-44.364182,-19.118998],[-44.364367,-19.118932],[-44.364579,-19.118899],[-44.3649,-19.118899],[-44.3653,-19.118945],[-44.365654,-19.119006],[-44.365869,-19.119018],[-44.366105,-19.119],[-44.36636,-19.11897],[-44.366518,-19.118973],[-44.366754,-19.119046],[-44.366947,-19.119158],[-44.367285,-19.119231],[-44.36751,-19.119441],[-44.367666,-19.119619],[-44.367926,-19.119675],[-44.368141,-19.119692],[-44.368422,-19.11969],[-44.368639,-19.119657],[-44.368827,-19.119637],[-44.369077,-19.119644],[-44.36937,-19.119637],[-44.369604,-19.119535],[-44.370149,-19.11932],[-44.370466,-19.119235],[-44.370682,-19.119243],[-44.370942,-19.119373],[-44.37134,-19.11965],[-44.371674,-19.11998],[-44.371926,-19.120207],[-44.372109,-19.120491],[-44.372682,-19.121363],[-44.373056,-19.121851],[-44.373552,-19.122423],[-44.373702,-19.122569],[-44.373894,-19.122635],[-44.374121,-19.122646],[-44.374284,-19.122629],[-44.374436,-19.122594],[-44.375103,-19.12233],[-44.375516,-19.122147],[-44.375649,-19.122101],[-44.375895,-19.121957],[-44.376167,-19.121844],[-44.376428,-19.121784],[-44.37665,-19.121773],[-44.376878,-19.121796],[-44.377288,-19.121871],[-44.377282,-19.121911],[-44.377486,-19.123659],[-44.377477,-19.123805],[-44.377449,-19.123947],[-44.377412,-19.12407],[-44.377351,-19.1242],[-44.377331,-19.12435],[-44.377351,-19.124481],[-44.37751,-19.124872],[-44.377351,-19.124481],[-44.377331,-19.12435],[-44.377351,-19.1242],[-44.377412,-19.12407],[-44.377449,-19.123947],[-44.377477,-19.123805],[-44.377486,-19.123659],[-44.377282,-19.121911],[-44.377288,-19.121871],[-44.376878,-19.121796],[-44.37665,-19.121773],[-44.376428,-19.121784],[-44.376167,-19.121844],[-44.375895,-19.121957],[-44.375649,-19.122101],[-44.375516,-19.122147],[-44.375103,-19.12233],[-44.374436,-19.122594],[-44.374284,-19.122629],[-44.374121,-19.122646],[-44.373894,-19.122635],[-44.373702,-19.122569],[-44.373552,-19.122423],[-44.373056,-19.121851],[-44.372682,-19.121363],[-44.372109,-19.120491],[-44.371926,-19.120207],[-44.371674,-19.11998],[-44.37134,-19.11965],[-44.370942,-19.119373],[-44.370682,-19.119243],[-44.370466,-19.119235],[-44.370149,-19.11932],[-44.369604,-19.119535],[-44.36937,-19.119637],[-44.369077,-19.119644],[-44.368827,-19.119637],[-44.368639,-19.119657],[-44.368422,-19.11969],[-44.368141,-19.119692],[-44.367926,-19.119675],[-44.367666,-19.119619],[-44.36751,-19.119441],[-44.367285,-19.119231],[-44.366947,-19.119158],[-44.366754,-19.119046],[-44.366518,-19.118973],[-44.36636,-19.11897],[-44.366105,-19.119],[-44.365869,-19.119018],[-44.365654,-19.119006],[-44.3653,-19.118945],[-44.3649,-19.118899],[-44.364579,-19.118899],[-44.364367,-19.118932],[-44.364182,-19.118998],[-44.364013,-19.11912],[-44.363605,-19.11949],[-44.363404,-19.119743],[-44.363256,-19.119915],[-44.36316,-19.119981],[-44.363042,-19.120024],[-44.3629,-19.120042],[-44.362744,-19.120022],[-44.362366,-19.119948],[-44.362296,-19.119898],[-44.362242,-19.119842],[-44.361882,-19.119725],[-44.361675,-19.11966],[-44.361447,-19.119645],[-44.361008,-19.119691],[-44.360626,-19.119841],[-44.360187,-19.120033],[-44.359715,-19.120252],[-44.359113,-19.120573],[-44.358811,-19.120783],[-44.35858,-19.121001],[-44.358429,-19.121129],[-44.357943,-19.121487],[-44.357662,-19.121656],[-44.357369,-19.121781],[-44.357074,-19.121842],[-44.356719,-19.12181],[-44.35614,-19.121717],[-44.355878,-19.121703],[-44.355663,-19.121746],[-44.355459,-19.121842],[-44.355207,-19.12197],[-44.35508,-19.122078],[-44.354741,-19.122445],[-44.354587,-19.122538],[-44.354495,-19.12262],[-44.354433,-19.122756],[-44.354322,-19.123001],[-44.354215,-19.123124],[-44.354014,-19.123313],[-44.353827,-19.123503],[-44.353715,-19.123684],[-44.353661,-19.123919],[-44.353684,-19.124149],[-44.353766,-19.124325],[-44.353868,-19.124467],[-44.353899,-19.124663],[-44.353879,-19.124836],[-44.353885,-19.125016],[-44.35382,-19.125326],[-44.353622,-19.125758],[-44.353485,-19.125828],[-44.353328,-19.125802],[-44.353216,-19.125729],[-44.353109,-19.125622],[-44.352998,-19.125496],[-44.352961,-19.125404],[-44.352936,-19.125302],[-44.352945,-19.125079],[-44.352898,-19.124946],[-44.352785,-19.124833],[-44.352579,-19.124758],[-44.352272,-19.124728],[-44.351997,-19.124725],[-44.351678,-19.124765],[-44.351421,-19.124876],[-44.351245,-19.125012],[-44.351103,-19.125149],[-44.350998,-19.125425],[-44.350978,-19.125613],[-44.351021,-19.125802],[-44.351017,-19.12597],[-44.350883,-19.126085],[-44.350703,-19.126091],[-44.350525,-19.126001],[-44.350419,-19.125877],[-44.350228,-19.125539],[-44.350142,-19.125432],[-44.34992,-19.125297],[-44.349624,-19.125215],[-44.348656,-19.125117],[-44.348035,-19.125059],[-44.347622,-19.124977],[-44.347344,-19.124841],[-44.347123,-19.124619],[-44.347,-19.124354],[-44.346953,-19.124085],[-44.346823,-19.122224],[-44.346701,-19.120424],[-44.346667,-19.119496],[-44.346599,-19.118708],[-44.346567,-19.118199],[-44.346558,-19.118],[-44.34649,-19.117778],[-44.346404,-19.117609],[-44.34619,-19.117412],[-44.345942,-19.117317],[-44.34484,-19.11693],[-44.344587,-19.116815],[-44.344373,-19.116569],[-44.344255,-19.116343],[-44.34411,-19.115389],[-44.344079,-19.115187],[-44.343971,-19.114875],[-44.343857,-19.114709],[-44.343498,-19.1145],[-44.342645,-19.114147],[-44.341977,-19.113907],[-44.34159,-19.113814],[-44.341229,-19.113841],[-44.341021,-19.113893],[-44.340877,-19.113952],[-44.340554,-19.114116],[-44.340294,-19.114419],[-44.34015,-19.114663],[-44.340025,-19.114981],[-44.339879,-19.1161],[-44.339783,-19.116603],[-44.339648,-19.116893],[-44.339412,-19.117147],[-44.339053,-19.117266],[-44.338676,-19.117274],[-44.338412,-19.117182],[-44.33814,-19.117007],[-44.33764,-19.116218],[-44.337418,-19.116043],[-44.33713,-19.115935],[-44.33692,-19.115903],[-44.336632,-19.115919],[-44.336342,-19.11595],[-44.33604,-19.115975],[-44.335661,-19.115909],[-44.335391,-19.115779],[-44.335194,-19.115564],[-44.335042,-19.115322],[-44.334776,-19.114228],[-44.334582,-19.113885],[-44.334424,-19.113752],[-44.33419,-19.113653],[-44.333865,-19.113604],[-44.33367,-19.113613],[-44.333449,-19.113681],[-44.333134,-19.113885],[-44.331368,-19.115483],[-44.331003,-19.115915],[-44.330776,-19.116388],[-44.330231,-19.117554],[-44.329898,-19.118338],[-44.329387,-19.119717],[-44.32926,-19.119995],[-44.329166,-19.120119],[-44.32908,-19.120204],[-44.328942,-19.120303],[-44.328796,-19.120366],[-44.328658,-19.120403],[-44.328508,-19.12042],[-44.328323,-19.120433],[-44.327835,-19.120441],[-44.326791,-19.120577],[-44.326129,-19.120646],[-44.325942,-19.120694],[-44.325855,-19.120735],[-44.325783,-19.120807],[-44.325736,-19.120922],[-44.325797,-19.121566],[-44.325812,-19.121856],[-44.325768,-19.122027],[-44.325714,-19.122139],[-44.32565,-19.122212],[-44.325559,-19.122243],[-44.325481,-19.12224],[-44.325411,-19.122207],[-44.325324,-19.122129],[-44.325237,-19.121779],[-44.325172,-19.121462],[-44.325108,-19.120988],[-44.325017,-19.120905],[-44.324926,-19.120857],[-44.324834,-19.120831],[-44.324741,-19.120811],[-44.324074,-19.120858],[-44.323872,-19.120987],[-44.323873,-19.121106],[-44.32372,-19.12123],[-44.323617,-19.121271],[-44.323527,-19.121285],[-44.32344,-19.121281],[-44.322803,-19.121235],[-44.322784,-19.121848],[-44.32277,-19.122361],[-44.322749,-19.122864],[-44.322728,-19.12337],[-44.322665,-19.123377],[-44.322699,-19.122362],[-44.322714,-19.121847],[-44.322734,-19.121236],[-44.322747,-19.120758],[-44.322758,-19.120426],[-44.32277,-19.120001],[-44.322801,-19.11915],[-44.322811,-19.118679],[-44.322851,-19.117844],[-44.322844,-19.117785],[-44.322828,-19.117724],[-44.322812,-19.117654],[-44.322774,-19.117576],[-44.32274,-19.117538],[-44.322694,-19.117516],[-44.322615,-19.117496],[-44.322433,-19.11749],[-44.322363,-19.117458],[-44.32229,-19.117392],[-44.322288,-19.117331],[-44.322292,-19.117278],[-44.322294,-19.117255],[-44.322324,-19.117159],[-44.322363,-19.117079],[-44.322416,-19.116968],[-44.322534,-19.116927],[-44.322624,-19.116933],[-44.322673,-19.116944],[-44.322717,-19.116949],[-44.32278,-19.116992],[-44.32283,-19.117035],[-44.322892,-19.117082],[-44.322954,-19.117137],[-44.322956,-19.117527],[-44.322938,-19.117673],[-44.32292,-19.117847],[-44.322891,-19.118672],[-44.322874,-19.119154],[-44.322838,-19.120004],[-44.322833,-19.120442],[-44.322822,-19.120758],[-44.322803,-19.121235],[-44.322784,-19.121848],[-44.32277,-19.122361],[-44.322728,-19.12337],[-44.322726,-19.123729],[-44.322685,-19.125681],[-44.322655,-19.126796],[-44.322667,-19.127359],[-44.322671,-19.127964],[-44.322673,-19.1283],[-44.322695,-19.128499],[-44.322755,-19.129123],[-44.322743,-19.129266],[-44.322835,-19.130339],[-44.32286,-19.130635],[-44.322863,-19.13069],[-44.322929,-19.130851],[-44.322994,-19.130937],[-44.323076,-19.131019],[-44.323216,-19.131098],[-44.323319,-19.131148],[-44.323425,-19.131191],[-44.323587,-19.131247],[-44.323743,-19.131264],[-44.323906,-19.131245],[-44.324199,-19.13103],[-44.324538,-19.130832],[-44.324614,-19.130827],[-44.32466,-19.130804],[-44.324714,-19.13077],[-44.324936,-19.130646],[-44.32499,-19.130628],[-44.325053,-19.130627],[-44.325104,-19.130637],[-44.325155,-19.130666],[-44.325178,-19.130714],[-44.325184,-19.130756],[-44.325171,-19.130811],[-44.325125,-19.130855],[-44.325053,-19.130905],[-44.325009,-19.130964],[-44.324557,-19.131251],[-44.324439,-19.131326],[-44.324301,-19.131436],[-44.324028,-19.131652],[-44.323715,-19.131995],[-44.323484,-19.132275],[-44.323334,-19.132517],[-44.323226,-19.132738],[-44.323162,-19.132905],[-44.32309,-19.133159],[-44.323035,-19.133434],[-44.322994,-19.133719],[-44.323005,-19.13412],[-44.323021,-19.134493],[-44.323088,-19.136396],[-44.323148,-19.139605],[-44.323186,-19.140788],[-44.323221,-19.141877],[-44.323335,-19.145197],[-44.323407,-19.147218],[-44.323643,-19.154166],[-44.323778,-19.15823],[-44.323906,-19.162204],[-44.323968,-19.164161],[-44.324025,-19.165933],[-44.324034,-19.166223],[-44.324227,-19.171632],[-44.324276,-19.173241],[-44.324335,-19.174981],[-44.32434,-19.175252],[-44.324373,-19.17602],[-44.324403,-19.176982],[-44.324456,-19.177739],[-44.324526,-19.178227],[-44.324633,-19.178685],[-44.32485,-19.179316],[-44.325155,-19.179947],[-44.325446,-19.180421],[-44.325748,-19.180836],[-44.326141,-19.181267],[-44.326591,-19.181702],[-44.327074,-19.182062],[-44.327264,-19.182188],[-44.327415,-19.182273],[-44.32771,-19.182445],[-44.327884,-19.182533],[-44.328483,-19.182835],[-44.329886,-19.183507],[-44.330438,-19.183799],[-44.331364,-19.184305],[-44.331738,-19.184564],[-44.332017,-19.184836],[-44.332286,-19.185169],[-44.332597,-19.185677],[-44.333065,-19.186664],[-44.333943,-19.188499],[-44.334708,-19.190018],[-44.335102,-19.190885],[-44.335217,-19.191211],[-44.335346,-19.191815],[-44.335405,-19.192306],[-44.335381,-19.192897],[-44.335054,-19.195118],[-44.334978,-19.195619],[-44.334812,-19.19671],[-44.334674,-19.197621],[-44.334638,-19.19786],[-44.334482,-19.198904],[-44.334097,-19.201382],[-44.333978,-19.202132],[-44.333742,-19.203622],[-44.33366,-19.204213],[-44.333415,-19.205975],[-44.333313,-19.207158],[-44.333298,-19.207886],[-44.333251,-19.210108],[-44.333238,-19.212953],[-44.333222,-19.215559],[-44.333215,-19.216851],[-44.333207,-19.218429],[-44.333198,-19.219611],[-44.333188,-19.221056],[-44.333173,-19.22189],[-44.333181,-19.222372],[-44.333227,-19.222803],[-44.333289,-19.223114],[-44.33345,-19.223808],[-44.333718,-19.224429],[-44.333961,-19.224907],[-44.334327,-19.225529],[-44.334563,-19.225926],[-44.334894,-19.226585],[-44.335086,-19.22704],[-44.335275,-19.227551],[-44.335328,-19.227725],[-44.335406,-19.227973],[-44.335775,-19.22923],[-44.336105,-19.230319],[-44.336381,-19.231201],[-44.336784,-19.232539],[-44.33706,-19.233472],[-44.337183,-19.23394],[-44.337274,-19.234417],[-44.337313,-19.234797],[-44.337317,-19.235311],[-44.337301,-19.235774],[-44.337215,-19.236319],[-44.336975,-19.237266],[-44.336612,-19.238552],[-44.336446,-19.239249],[-44.336381,-19.239635],[-44.336342,-19.240017],[-44.336322,-19.24042],[-44.336338,-19.240824],[-44.336376,-19.241209],[-44.336458,-19.24167],[-44.336561,-19.242209],[-44.336777,-19.243301],[-44.336961,-19.244331],[-44.337088,-19.245068],[-44.337127,-19.245665],[-44.337106,-19.24626],[-44.337098,-19.246351],[-44.337091,-19.246429],[-44.337086,-19.246499],[-44.337063,-19.246776],[-44.336986,-19.247228],[-44.336867,-19.247711],[-44.33656,-19.248569],[-44.336057,-19.249762],[-44.335793,-19.250399],[-44.335355,-19.251502],[-44.335253,-19.251848],[-44.335178,-19.252203],[-44.335126,-19.252681],[-44.335107,-19.253028],[-44.335132,-19.253828],[-44.335204,-19.255289],[-44.33524,-19.256082],[-44.335282,-19.25681],[-44.335304,-19.257246],[-44.335338,-19.258071],[-44.335354,-19.258609],[-44.335379,-19.259464],[-44.335391,-19.259717],[-44.335444,-19.260825],[-44.335467,-19.261269],[-44.335535,-19.262296],[-44.335587,-19.263466],[-44.335632,-19.263925],[-44.335695,-19.264309],[-44.335813,-19.264744],[-44.335972,-19.265224],[-44.33619,-19.265733],[-44.336384,-19.266098],[-44.336611,-19.266461],[-44.336871,-19.266837],[-44.33735,-19.267518],[-44.337744,-19.268075],[-44.337981,-19.268503],[-44.338169,-19.268868],[-44.338406,-19.269527],[-44.338605,-19.27012],[-44.338785,-19.270817],[-44.339007,-19.272274],[-44.339019,-19.272353],[-44.339088,-19.272823],[-44.339222,-19.273775],[-44.33934,-19.274594],[-44.339414,-19.275134],[-44.339546,-19.275976],[-44.339592,-19.276284],[-44.33965,-19.276582],[-44.33971,-19.276833],[-44.339836,-19.277228],[-44.339953,-19.277505],[-44.340067,-19.277733],[-44.34017,-19.277914],[-44.340283,-19.278084],[-44.340382,-19.278218],[-44.340503,-19.278361],[-44.340604,-19.278479],[-44.340694,-19.278574],[-44.340796,-19.278674],[-44.340925,-19.278788],[-44.341064,-19.278899],[-44.341184,-19.278989],[-44.341298,-19.279069],[-44.341435,-19.279155],[-44.342953,-19.280094],[-44.343806,-19.280638],[-44.34482,-19.281241],[-44.345383,-19.28159],[-44.346264,-19.28213],[-44.346859,-19.282498],[-44.347075,-19.282632],[-44.347193,-19.282699],[-44.347435,-19.282839],[-44.34839,-19.283441],[-44.349877,-19.284356],[-44.350576,-19.284803],[-44.352854,-19.286179],[-44.354497,-19.287201],[-44.35623,-19.288272],[-44.361388,-19.291439],[-44.36457,-19.293392],[-44.364692,-19.293466],[-44.3658,-19.294158],[-44.366529,-19.294626],[-44.367396,-19.295163],[-44.371,-19.297355],[-44.371176,-19.29746],[-44.371564,-19.297699],[-44.374128,-19.299304],[-44.375345,-19.300042],[-44.376376,-19.300667],[-44.376484,-19.300746],[-44.376652,-19.300799],[-44.376754,-19.300823],[-44.376838,-19.300823],[-44.37694,-19.30082],[-44.37701,-19.300795],[-44.377084,-19.300789],[-44.377158,-19.300801],[-44.377226,-19.30083],[-44.377283,-19.300875],[-44.377326,-19.300932],[-44.377352,-19.300999],[-44.377359,-19.301069],[-44.377347,-19.301138],[-44.377382,-19.301206],[-44.37742,-19.301266],[-44.377452,-19.301324],[-44.377552,-19.301374],[-44.377632,-19.301417],[-44.377713,-19.301468],[-44.377798,-19.301468],[-44.377852,-19.301463],[-44.37789,-19.301465],[-44.377951,-19.301468],[-44.378019,-19.301459],[-44.378089,-19.301457],[-44.378192,-19.301485],[-44.378215,-19.301499],[-44.378247,-19.30153],[-44.37827,-19.301549],[-44.378307,-19.301605],[-44.378328,-19.301668],[-44.37833,-19.301734],[-44.378314,-19.301798],[-44.378281,-19.301857],[-44.378233,-19.301905],[-44.378173,-19.30194],[-44.378106,-19.301959],[-44.377962,-19.302025],[-44.377801,-19.302105],[-44.377564,-19.302258],[-44.377034,-19.303059],[-44.376475,-19.303905],[-44.376236,-19.304264],[-44.376219,-19.304295],[-44.375778,-19.305005],[-44.375595,-19.305261],[-44.375517,-19.305361],[-44.375417,-19.305461],[-44.375273,-19.305698],[-44.373886,-19.307765],[-44.373076,-19.308975],[-44.37304,-19.30903],[-44.372957,-19.309151],[-44.372382,-19.309992],[-44.372093,-19.310423],[-44.371614,-19.311135],[-44.371574,-19.311195],[-44.370805,-19.312341],[-44.368662,-19.315508],[-44.367513,-19.317242],[-44.366929,-19.318121],[-44.366366,-19.318993],[-44.366118,-19.319434],[-44.365767,-19.320188],[-44.365546,-19.320734],[-44.365432,-19.321038],[-44.365231,-19.321778],[-44.365172,-19.322031],[-44.365118,-19.322304],[-44.364978,-19.323251],[-44.364728,-19.325076],[-44.364641,-19.325688],[-44.364518,-19.326538],[-44.364439,-19.326928],[-44.364361,-19.327235],[-44.364231,-19.327657],[-44.364043,-19.328233],[-44.363885,-19.328625],[-44.363565,-19.329303],[-44.363125,-19.330147],[-44.362109,-19.331971],[-44.361233,-19.333621],[-44.360189,-19.335579],[-44.359644,-19.336573],[-44.358717,-19.338325],[-44.358344,-19.339001],[-44.357957,-19.339632],[-44.357445,-19.340545],[-44.357085,-19.341255],[-44.356977,-19.341452],[-44.35659,-19.342177],[-44.35629,-19.342753],[-44.355969,-19.343354],[-44.355705,-19.343845],[-44.355432,-19.344348],[-44.355099,-19.344993],[-44.354315,-19.346405],[-44.353855,-19.347296],[-44.353503,-19.347957],[-44.353233,-19.348443],[-44.352699,-19.349449],[-44.352177,-19.350408],[-44.35215,-19.350457],[-44.352086,-19.350581],[-44.351738,-19.351239],[-44.35147,-19.351703],[-44.351154,-19.352325],[-44.350783,-19.352981],[-44.350674,-19.353178],[-44.350505,-19.353497],[-44.350272,-19.353929],[-44.350002,-19.354429],[-44.349611,-19.355105],[-44.349352,-19.355483],[-44.348803,-19.356221],[-44.348412,-19.356654],[-44.347885,-19.357181],[-44.347337,-19.357662],[-44.346796,-19.358088],[-44.345854,-19.358677],[-44.344585,-19.359421],[-44.343955,-19.359784],[-44.343234,-19.360244],[-44.342596,-19.360706],[-44.341997,-19.361204],[-44.34139,-19.361762],[-44.340908,-19.362258],[-44.340638,-19.362575],[-44.340256,-19.363022],[-44.339667,-19.36383],[-44.339418,-19.364244],[-44.339152,-19.364717],[-44.338759,-19.365522],[-44.338388,-19.366267],[-44.337762,-19.367516],[-44.337077,-19.368949],[-44.336876,-19.369338],[-44.336637,-19.369921],[-44.336446,-19.370567],[-44.336318,-19.371399],[-44.336325,-19.372473],[-44.336486,-19.373418],[-44.33725,-19.375939],[-44.337993,-19.378656],[-44.338161,-19.379264],[-44.338227,-19.37968],[-44.33824,-19.380143],[-44.338199,-19.380541],[-44.33811,-19.380989],[-44.337916,-19.381559],[-44.337716,-19.382066],[-44.335936,-19.386604],[-44.335696,-19.387675],[-44.335671,-19.3881],[-44.335452,-19.391157],[-44.335295,-19.392015],[-44.33523,-19.392366],[-44.334667,-19.393781],[-44.334496,-19.394282],[-44.334426,-19.394895],[-44.334394,-19.395304],[-44.334417,-19.395714],[-44.334578,-19.396181],[-44.335244,-19.397476],[-44.335316,-19.397663],[-44.335515,-19.39828],[-44.33559,-19.398653],[-44.335609,-19.399088],[-44.335587,-19.399464],[-44.335417,-19.400212],[-44.335216,-19.401012],[-44.334647,-19.403058],[-44.333782,-19.406434],[-44.333735,-19.406618],[-44.333684,-19.407302],[-44.333701,-19.407947],[-44.333847,-19.408562],[-44.334041,-19.409011],[-44.334461,-19.409723],[-44.334694,-19.410001],[-44.335383,-19.410672],[-44.339049,-19.413847],[-44.339445,-19.414217],[-44.339732,-19.414624],[-44.339858,-19.414893],[-44.339963,-19.415116],[-44.340108,-19.41564],[-44.340136,-19.416147],[-44.340102,-19.416761],[-44.338047,-19.425336],[-44.337645,-19.427016],[-44.336448,-19.431625],[-44.336323,-19.431993],[-44.336029,-19.432577],[-44.335972,-19.43269],[-44.335009,-19.434135],[-44.333632,-19.435942],[-44.332757,-19.436945],[-44.331694,-19.438025],[-44.331124,-19.438557],[-44.329375,-19.439931],[-44.327178,-19.441625],[-44.325403,-19.443037],[-44.32474,-19.443593],[-44.324644,-19.443673],[-44.324245,-19.444008],[-44.324156,-19.444083],[-44.323681,-19.444481],[-44.322491,-19.445493],[-44.322256,-19.445696],[-44.320315,-19.447376],[-44.319744,-19.447832],[-44.317912,-19.449389],[-44.317885,-19.449411],[-44.317616,-19.449637],[-44.316885,-19.450249],[-44.316599,-19.450489],[-44.316459,-19.450599],[-44.31239,-19.454019],[-44.311173,-19.455102],[-44.310817,-19.455409],[-44.310769,-19.455451],[-44.310222,-19.455921],[-44.309517,-19.456314],[-44.303748,-19.459524],[-44.3003,-19.461489],[-44.299533,-19.46193],[-44.298771,-19.462437],[-44.298254,-19.462846],[-44.297816,-19.463315],[-44.297304,-19.463972],[-44.296958,-19.464703],[-44.295872,-19.467106],[-44.295832,-19.4672],[-44.295134,-19.468838],[-44.29469,-19.469815],[-44.294558,-19.470105],[-44.294306,-19.470625],[-44.29417,-19.470904],[-44.293257,-19.47299],[-44.293131,-19.473258],[-44.292948,-19.473567],[-44.292718,-19.47389],[-44.292476,-19.474169],[-44.292216,-19.474419],[-44.29194,-19.474664],[-44.291621,-19.474904],[-44.290655,-19.475577],[-44.289923,-19.476276],[-44.289506,-19.476648],[-44.289322,-19.476829],[-44.288918,-19.477223],[-44.28847,-19.477687],[-44.288343,-19.477665],[-44.288262,-19.477629],[-44.288191,-19.477575],[-44.288144,-19.4775],[-44.288126,-19.477418],[-44.288138,-19.477288],[-44.288175,-19.477153],[-44.288174,-19.477089],[-44.288159,-19.477029],[-44.288092,-19.476893],[-44.287614,-19.476449],[-44.287434,-19.476281],[-44.287372,-19.47623],[-44.287305,-19.476188],[-44.287224,-19.476156],[-44.287135,-19.476145],[-44.287055,-19.476144],[-44.286579,-19.476222],[-44.285371,-19.476422],[-44.284192,-19.476586],[-44.283904,-19.476628],[-44.283133,-19.476742],[-44.282914,-19.476759],[-44.282742,-19.476752],[-44.281088,-19.476538],[-44.27939,-19.476274],[-44.278739,-19.476175],[-44.278494,-19.476121],[-44.278277,-19.476047],[-44.277507,-19.47569],[-44.277393,-19.475665],[-44.277124,-19.475621],[-44.277115,-19.475628],[-44.277027,-19.475665],[-44.276931,-19.475661],[-44.276917,-19.475657],[-44.276844,-19.475614],[-44.27679,-19.475536],[-44.27623,-19.475031],[-44.273032,-19.473428],[-44.270821,-19.472224],[-44.270423,-19.472074],[-44.270304,-19.472055],[-44.270215,-19.472078],[-44.270122,-19.472078],[-44.270032,-19.472052],[-44.269953,-19.472002],[-44.269889,-19.47193],[-44.269852,-19.471842],[-44.269845,-19.471748],[-44.269853,-19.4717],[-44.269694,-19.471581],[-44.268772,-19.471022],[-44.267651,-19.470308],[-44.267129,-19.470016],[-44.2666,-19.469781],[-44.26619,-19.469611],[-44.265661,-19.46944],[-44.265432,-19.469363],[-44.264525,-19.469149],[-44.264219,-19.469075],[-44.263484,-19.468902],[-44.26331,-19.468861],[-44.262921,-19.46879],[-44.262257,-19.468668],[-44.261581,-19.468593],[-44.260545,-19.468515],[-44.260032,-19.468477],[-44.259742,-19.468457],[-44.259472,-19.468421],[-44.259174,-19.468371],[-44.258944,-19.468269],[-44.258777,-19.468164],[-44.258315,-19.467752],[-44.258246,-19.467694],[-44.258151,-19.467613],[-44.258038,-19.467517],[-44.257969,-19.467458],[-44.257159,-19.467875],[-44.256566,-19.468129],[-44.256248,-19.46827],[-44.256048,-19.468328],[-44.25604,-19.468362],[-44.255995,-19.468422],[-44.255923,-19.468452],[-44.255874,-19.468435],[-44.255747,-19.468434],[-44.255578,-19.468459],[-44.255172,-19.468589],[-44.254976,-19.46862],[-44.25467,-19.46859],[-44.254367,-19.46854],[-44.25409,-19.46848],[-44.253779,-19.468476],[-44.252473,-19.468596],[-44.252277,-19.468567],[-44.252101,-19.468514],[-44.251702,-19.468319],[-44.250775,-19.46766],[-44.250613,-19.467602],[-44.250419,-19.467565],[-44.249999,-19.467556],[-44.249426,-19.467511],[-44.249163,-19.467537],[-44.248968,-19.4676],[-44.247233,-19.468159],[-44.246997,-19.468183],[-44.246855,-19.468173],[-44.246417,-19.468031],[-44.246483,-19.467831],[-44.246657,-19.467271],[-44.246637,-19.467263],[-44.246622,-19.467248],[-44.246616,-19.467227],[-44.24662,-19.467207],[-44.246633,-19.46719],[-44.246652,-19.46718],[-44.246675,-19.467179],[-44.246695,-19.467187],[-44.24671,-19.467203],[-44.246716,-19.467223],[-44.247095,-19.467084],[-44.247191,-19.466999],[-44.247249,-19.46693],[-44.247528,-19.466444],[-44.247725,-19.466116],[-44.247897,-19.465829],[-44.247957,-19.465748],[-44.248019,-19.465748],[-44.248065,-19.46576],[-44.248183,-19.465913],[-44.248265,-19.466199],[-44.248353,-19.466401],[-44.248425,-19.466529],[-44.248543,-19.46675],[-44.248706,-19.467092],[-44.248871,-19.467407],[-44.249102,-19.467324],[-44.249231,-19.467308],[-44.249417,-19.467317],[-44.249892,-19.467354],[-44.250171,-19.46736],[-44.250417,-19.467359],[-44.25063,-19.467389],[-44.250772,-19.467429],[-44.250871,-19.467479],[-44.251515,-19.46794],[-44.251795,-19.468159],[-44.251978,-19.468265],[-44.252236,-19.468338],[-44.252601,-19.468375],[-44.253014,-19.468342],[-44.253909,-19.468255],[-44.254113,-19.468244],[-44.254341,-19.468269],[-44.254703,-19.468383],[-44.254951,-19.468425],[-44.255033,-19.468423],[-44.255096,-19.468402],[-44.255432,-19.468293],[-44.255547,-19.468257],[-44.255648,-19.468228],[-44.255758,-19.468238],[-44.255824,-19.468194],[-44.255893,-19.468174],[-44.255945,-19.46818],[-44.256003,-19.468213],[-44.25604,-19.468265],[-44.256048,-19.468328],[-44.25604,-19.468362],[-44.256312,-19.468633],[-44.256749,-19.46909],[-44.257193,-19.469553],[-44.257684,-19.47003],[-44.258533,-19.470902],[-44.258673,-19.470972],[-44.258809,-19.470952],[-44.258909,-19.470973],[-44.258996,-19.471024],[-44.259061,-19.471098],[-44.259098,-19.471188],[-44.259102,-19.471288],[-44.25907,-19.471384],[-44.259006,-19.471465],[-44.259481,-19.471847],[-44.259967,-19.472361],[-44.260523,-19.472933],[-44.261187,-19.473667],[-44.261259,-19.473689],[-44.261319,-19.473732],[-44.26136,-19.47379],[-44.261379,-19.473858],[-44.262886,-19.475382],[-44.263427,-19.475922],[-44.263944,-19.476446],[-44.26487,-19.477397],[-44.265745,-19.478284],[-44.265952,-19.478488],[-44.267576,-19.480139],[-44.267743,-19.480309],[-44.268517,-19.481067],[-44.26867,-19.481228],[-44.269517,-19.482075],[-44.269659,-19.482225],[-44.270025,-19.482611],[-44.270272,-19.482845],[-44.270881,-19.483486],[-44.272405,-19.485033],[-44.272654,-19.485287],[-44.273014,-19.485655],[-44.273074,-19.485716],[-44.273501,-19.486152],[-44.273897,-19.486556],[-44.274201,-19.486867],[-44.274641,-19.487316],[-44.275305,-19.48797],[-44.275533,-19.488195],[-44.275675,-19.488334],[-44.275849,-19.488511],[-44.275973,-19.488612],[-44.276139,-19.488705],[-44.276181,-19.488715],[-44.27622,-19.488736],[-44.276247,-19.488751],[-44.27627,-19.488797],[-44.27628,-19.488832],[-44.276282,-19.488868],[-44.276434,-19.48907],[-44.277254,-19.489964],[-44.277389,-19.490077],[-44.277526,-19.490186],[-44.277706,-19.490318],[-44.277922,-19.490455],[-44.27836,-19.490683],[-44.279311,-19.491155],[-44.280523,-19.491759],[-44.280766,-19.491908],[-44.280947,-19.49207],[-44.281129,-19.492295],[-44.281196,-19.49249],[-44.28124,-19.492696],[-44.281257,-19.492916],[-44.281223,-19.493086],[-44.281177,-19.493239],[-44.281065,-19.493483],[-44.280551,-19.494136],[-44.280573,-19.494251],[-44.280615,-19.494348],[-44.280675,-19.494441],[-44.280729,-19.494502],[-44.28101,-19.494678],[-44.281063,-19.494728],[-44.281089,-19.494777],[-44.281087,-19.494859],[-44.281071,-19.494955],[-44.281045,-19.495036],[-44.281,-19.495116],[-44.280913,-19.495207],[-44.280839,-19.495299],[-44.28076,-19.495391],[-44.280676,-19.495494],[-44.280585,-19.495576],[-44.280503,-19.495624],[-44.280329,-19.495687],[-44.280245,-19.497219],[-44.280237,-19.497818],[-44.28026,-19.498257],[-44.280171,-19.498683],[-44.280053,-19.498865],[-44.279924,-19.498969],[-44.279721,-19.49907],[-44.279233,-19.499222],[-44.278835,-19.499337],[-44.278603,-19.499435],[-44.278321,-19.499591],[-44.277886,-19.499883],[-44.277567,-19.500225],[-44.277054,-19.5006],[-44.275965,-19.501869],[-44.275767,-19.50215],[-44.275627,-19.50242],[-44.273345,-19.508343],[-44.27271,-19.510002],[-44.272495,-19.51044],[-44.272398,-19.510614],[-44.272091,-19.511163],[-44.270968,-19.513064],[-44.269839,-19.514905],[-44.269289,-19.515762],[-44.268577,-19.516758],[-44.267599,-19.518142],[-44.266952,-19.519119],[-44.266341,-19.520067],[-44.265968,-19.520577],[-44.263877,-19.523226],[-44.26341,-19.52378],[-44.261532,-19.526109],[-44.260254,-19.527749],[-44.2597,-19.528457],[-44.259295,-19.528957],[-44.258484,-19.529957],[-44.258094,-19.53043],[-44.25775,-19.530924],[-44.25743,-19.531457],[-44.257287,-19.531722],[-44.257164,-19.531992],[-44.257013,-19.532363],[-44.256877,-19.532717],[-44.256545,-19.533593],[-44.256364,-19.533993],[-44.255895,-19.534749],[-44.255367,-19.535547],[-44.254839,-19.53634],[-44.254639,-19.536651],[-44.254008,-19.537631],[-44.253456,-19.538385],[-44.253082,-19.538798],[-44.252745,-19.539109],[-44.251929,-19.539734],[-44.25154,-19.540009],[-44.250556,-19.540726],[-44.250087,-19.541108],[-44.249789,-19.541389],[-44.249467,-19.541738],[-44.248955,-19.542473],[-44.248731,-19.542867],[-44.248475,-19.54344],[-44.248328,-19.54377],[-44.248141,-19.544189],[-44.247868,-19.544854],[-44.247709,-19.545216],[-44.247555,-19.545555],[-44.247401,-19.545944],[-44.247228,-19.54638],[-44.247089,-19.546676],[-44.246896,-19.547108],[-44.246728,-19.547449],[-44.246568,-19.54778],[-44.246377,-19.548136],[-44.246285,-19.548316],[-44.246093,-19.548671],[-44.245931,-19.548967],[-44.245806,-19.549189],[-44.245465,-19.549791],[-44.245307,-19.550073],[-44.245082,-19.550487],[-44.244785,-19.55106],[-44.24451,-19.551543],[-44.244323,-19.55187],[-44.24415,-19.552184],[-44.243977,-19.552472],[-44.243809,-19.552782],[-44.243753,-19.552884],[-44.243557,-19.55323],[-44.242159,-19.555794],[-44.241878,-19.556282],[-44.241109,-19.557691],[-44.241045,-19.557799],[-44.240187,-19.559317],[-44.238756,-19.561915],[-44.23809,-19.563219],[-44.237944,-19.563579],[-44.237858,-19.563831],[-44.237747,-19.564177],[-44.237687,-19.564384],[-44.23766,-19.564561],[-44.237639,-19.564716],[-44.237544,-19.565594],[-44.23731,-19.567623],[-44.237254,-19.567907],[-44.237193,-19.568184],[-44.237037,-19.568639],[-44.236925,-19.568891],[-44.236752,-19.569182],[-44.236437,-19.569586],[-44.236107,-19.569883],[-44.235756,-19.570145],[-44.235416,-19.570363],[-44.235219,-19.570465],[-44.234962,-19.570576],[-44.234424,-19.570779],[-44.233898,-19.570957],[-44.232867,-19.571316],[-44.23243,-19.571459],[-44.232051,-19.571621],[-44.231708,-19.571787],[-44.231429,-19.571958],[-44.231162,-19.572145],[-44.230937,-19.572352],[-44.230745,-19.572551],[-44.230532,-19.572796],[-44.230371,-19.573012],[-44.230207,-19.573294],[-44.230067,-19.573589],[-44.229994,-19.57379],[-44.229926,-19.574035],[-44.229877,-19.574272],[-44.229833,-19.574566],[-44.229747,-19.575122],[-44.229564,-19.576277],[-44.229531,-19.576521],[-44.229501,-19.576796],[-44.22949,-19.5771],[-44.229428,-19.578175],[-44.229415,-19.578911],[-44.229401,-19.579283],[-44.229381,-19.579812],[-44.229263,-19.58047],[-44.229149,-19.581152],[-44.229089,-19.581489],[-44.228943,-19.582175],[-44.228844,-19.582543],[-44.228634,-19.583271],[-44.228437,-19.583892],[-44.228351,-19.584151],[-44.228294,-19.584392],[-44.228235,-19.584658],[-44.228162,-19.585083],[-44.22805,-19.585899],[-44.227991,-19.586307],[-44.227796,-19.587593],[-44.227704,-19.588161],[-44.227651,-19.588447],[-44.227592,-19.588715],[-44.227513,-19.588967],[-44.227438,-19.589193],[-44.22737,-19.589372],[-44.227257,-19.589619],[-44.227069,-19.590033],[-44.226688,-19.590902],[-44.225851,-19.592891],[-44.225347,-19.594007],[-44.224439,-19.596138],[-44.223796,-19.597562],[-44.223167,-19.59896],[-44.222312,-19.600805],[-44.222158,-19.601162],[-44.222119,-19.60125],[-44.222065,-19.601374],[-44.221945,-19.601649],[-44.221712,-19.602124],[-44.221188,-19.603304],[-44.220828,-19.604292],[-44.22062,-19.604791],[-44.220329,-19.60543],[-44.219851,-19.606514],[-44.219293,-19.607799],[-44.217918,-19.611028],[-44.217464,-19.612092],[-44.217287,-19.612449],[-44.216933,-19.612996],[-44.216487,-19.613564],[-44.215957,-19.614093],[-44.215305,-19.614615],[-44.207763,-19.61943],[-44.207428,-19.619699],[-44.206882,-19.620245],[-44.206426,-19.620837],[-44.206016,-19.621525],[-44.205836,-19.621957],[-44.205677,-19.6224],[-44.205553,-19.622837],[-44.205502,-19.623099],[-44.205468,-19.623384],[-44.205491,-19.624407],[-44.205484,-19.625079],[-44.205507,-19.626756],[-44.205515,-19.627488],[-44.205491,-19.628353],[-44.205447,-19.628807],[-44.205039,-19.631588],[-44.204726,-19.633798],[-44.204604,-19.634638],[-44.204547,-19.635022],[-44.204488,-19.635281],[-44.204398,-19.63561],[-44.20419,-19.636324],[-44.203641,-19.638248],[-44.203034,-19.640087],[-44.202917,-19.640505],[-44.202882,-19.640706],[-44.202862,-19.640913],[-44.202841,-19.641389],[-44.20285,-19.64199],[-44.202906,-19.642555],[-44.203018,-19.643041],[-44.203153,-19.643626],[-44.203243,-19.644069],[-44.203289,-19.644403],[-44.203317,-19.644818],[-44.203299,-19.64534],[-44.203268,-19.645604],[-44.203222,-19.645864],[-44.203169,-19.646115],[-44.2031,-19.646389],[-44.20301,-19.646679],[-44.202893,-19.646969],[-44.202605,-19.647522],[-44.202284,-19.648048],[-44.201997,-19.648439],[-44.201612,-19.648852],[-44.201014,-19.649403],[-44.200428,-19.649931],[-44.200193,-19.650186],[-44.199975,-19.650449],[-44.199642,-19.65093],[-44.199518,-19.651156],[-44.199405,-19.65142],[-44.199283,-19.651775],[-44.198488,-19.654057],[-44.198351,-19.654589],[-44.198268,-19.655132],[-44.198238,-19.655722],[-44.198284,-19.656282],[-44.198387,-19.65711],[-44.19848,-19.657831],[-44.198548,-19.658511],[-44.198551,-19.659057],[-44.198497,-19.659582],[-44.198349,-19.660161],[-44.19818,-19.660603],[-44.197909,-19.66118],[-44.197566,-19.66175],[-44.196805,-19.662947],[-44.195627,-19.664829],[-44.195372,-19.665311],[-44.195211,-19.665798],[-44.195058,-19.666437],[-44.194565,-19.669317],[-44.194419,-19.669837],[-44.194224,-19.670282],[-44.193964,-19.670643],[-44.193583,-19.67107],[-44.192897,-19.671704],[-44.19247,-19.672163],[-44.192186,-19.672588],[-44.191982,-19.673035],[-44.19181,-19.673732],[-44.191668,-19.674537],[-44.191507,-19.675146],[-44.191327,-19.675593],[-44.191027,-19.676073],[-44.190627,-19.67653],[-44.190016,-19.677012],[-44.189007,-19.677712],[-44.188039,-19.678417],[-44.187495,-19.678843],[-44.186937,-19.679354],[-44.186123,-19.680214],[-44.186072,-19.680272],[-44.185729,-19.680671],[-44.185022,-19.681477],[-44.183536,-19.683144],[-44.183461,-19.683234],[-44.183227,-19.683527],[-44.182444,-19.684586],[-44.181654,-19.685755],[-44.181303,-19.686323],[-44.181135,-19.68663],[-44.180867,-19.687056],[-44.180446,-19.687762],[-44.180173,-19.688293],[-44.179952,-19.688889],[-44.179599,-19.689665],[-44.1793,-19.690423],[-44.179035,-19.691091],[-44.178863,-19.691647],[-44.178798,-19.69186],[-44.178505,-19.692781],[-44.178266,-19.693461],[-44.178142,-19.693826],[-44.177963,-19.694432],[-44.177611,-19.695478],[-44.177414,-19.696009],[-44.177005,-19.696969],[-44.176499,-19.697908],[-44.175824,-19.69884],[-44.174959,-19.699808],[-44.174427,-19.700366],[-44.174183,-19.700617],[-44.172299,-19.702528],[-44.171377,-19.703476],[-44.171129,-19.703724],[-44.170708,-19.704128],[-44.163569,-19.711475],[-44.163363,-19.711721],[-44.163296,-19.711801],[-44.161547,-19.713884],[-44.160846,-19.714692],[-44.16037,-19.715217],[-44.159886,-19.715649],[-44.158861,-19.71651],[-44.157875,-19.717445],[-44.157173,-19.718343],[-44.156745,-19.719127],[-44.154895,-19.724068],[-44.153772,-19.727068],[-44.153703,-19.727253],[-44.153431,-19.727977],[-44.153414,-19.728022],[-44.15307,-19.728938],[-44.152363,-19.73082],[-44.150346,-19.736233],[-44.149399,-19.73871],[-44.148995,-19.740637],[-44.148875,-19.741292],[-44.148642,-19.742569],[-44.148512,-19.744059],[-44.148476,-19.744875],[-44.148406,-19.745588],[-44.148233,-19.746223],[-44.148075,-19.746783],[-44.147775,-19.747413],[-44.147654,-19.747632],[-44.147521,-19.747858],[-44.146775,-19.748764],[-44.146023,-19.749539],[-44.143813,-19.751816],[-44.143145,-19.752597],[-44.141649,-19.754395],[-44.141608,-19.754449],[-44.141236,-19.754927],[-44.140808,-19.755429],[-44.140713,-19.75554],[-44.14048,-19.755819],[-44.139546,-19.75685],[-44.139351,-19.75704],[-44.139238,-19.757153],[-44.138903,-19.757435],[-44.137197,-19.758871],[-44.135702,-19.760086],[-44.134729,-19.760851],[-44.13372,-19.76166],[-44.133037,-19.762208],[-44.131875,-19.76314],[-44.131574,-19.763485],[-44.131218,-19.763893],[-44.130517,-19.764966],[-44.130243,-19.765386],[-44.129696,-19.766221],[-44.128729,-19.767685],[-44.128314,-19.768457],[-44.127846,-19.769202],[-44.127502,-19.769709],[-44.12745,-19.769786],[-44.126783,-19.770568],[-44.125497,-19.772154],[-44.12365,-19.774395],[-44.123329,-19.774753],[-44.12185,-19.776495],[-44.119251,-19.779574],[-44.118357,-19.780614],[-44.118102,-19.780925],[-44.117385,-19.781774],[-44.116997,-19.78223],[-44.116432,-19.782892],[-44.11615,-19.783233],[-44.115921,-19.783547],[-44.115703,-19.783925],[-44.115556,-19.78432],[-44.115314,-19.785002],[-44.115151,-19.785741],[-44.114997,-19.786143],[-44.114861,-19.786499],[-44.114756,-19.786757],[-44.114581,-19.787066],[-44.114095,-19.787809],[-44.113559,-19.788645],[-44.113348,-19.78902],[-44.113248,-19.789198],[-44.112944,-19.789751],[-44.112587,-19.790305],[-44.111834,-19.791725],[-44.111317,-19.792616],[-44.110346,-19.794264],[-44.110089,-19.794774],[-44.109841,-19.795176],[-44.109637,-19.795542],[-44.10944,-19.7959],[-44.109182,-19.796311],[-44.108933,-19.796592],[-44.108354,-19.797077],[-44.108029,-19.797268],[-44.107734,-19.797397],[-44.105949,-19.79813],[-44.104172,-19.798881],[-44.103704,-19.799073],[-44.103274,-19.799253],[-44.102727,-19.799481],[-44.102131,-19.799805],[-44.101665,-19.800103],[-44.101266,-19.800415],[-44.100765,-19.800898],[-44.100603,-19.801061],[-44.099989,-19.801771],[-44.098111,-19.803917],[-44.09784,-19.804231],[-44.097575,-19.804544],[-44.097304,-19.804896],[-44.097025,-19.805323],[-44.096754,-19.805767],[-44.096494,-19.806229],[-44.094266,-19.810703],[-44.093594,-19.812058],[-44.093497,-19.812237],[-44.093393,-19.812427],[-44.093285,-19.812615],[-44.093167,-19.812795],[-44.093002,-19.813012],[-44.092861,-19.813184],[-44.092634,-19.813443],[-44.091866,-19.814211],[-44.091399,-19.814684],[-44.09059,-19.815502],[-44.090142,-19.815955],[-44.089773,-19.816331],[-44.089652,-19.816455],[-44.089493,-19.816615],[-44.089421,-19.816688],[-44.088789,-19.817325],[-44.087465,-19.818652],[-44.087193,-19.818937],[-44.086314,-19.819803],[-44.086063,-19.820068],[-44.085805,-19.820368],[-44.085521,-19.820767],[-44.085288,-19.821166],[-44.085083,-19.821586],[-44.084896,-19.822018],[-44.084832,-19.822199],[-44.084781,-19.822369],[-44.084722,-19.822593],[-44.084678,-19.822787],[-44.084586,-19.823274],[-44.084525,-19.823562],[-44.084516,-19.823625],[-44.084488,-19.823782],[-44.084395,-19.824349],[-44.084322,-19.824817],[-44.083867,-19.82754],[-44.083815,-19.827867],[-44.083748,-19.828408],[-44.083525,-19.829519],[-44.083476,-19.829786],[-44.083402,-19.830083],[-44.083351,-19.830248],[-44.08333,-19.830331],[-44.083285,-19.830482],[-44.083206,-19.830735],[-44.083124,-19.830988],[-44.083043,-19.831207],[-44.082965,-19.831396],[-44.082883,-19.831578],[-44.08279,-19.831774],[-44.082642,-19.832069],[-44.082485,-19.83236],[-44.082148,-19.832941],[-44.081628,-19.833691],[-44.081362,-19.834027],[-44.080249,-19.83532],[-44.079691,-19.835972],[-44.079144,-19.836618],[-44.078593,-19.837371],[-44.07805,-19.838138],[-44.076979,-19.839659],[-44.07667,-19.840093],[-44.076355,-19.840559],[-44.076212,-19.840785],[-44.075933,-19.841234],[-44.075731,-19.841605],[-44.075522,-19.842],[-44.075258,-19.842518],[-44.074999,-19.843037],[-44.074781,-19.843466],[-44.074579,-19.843901],[-44.074415,-19.844222],[-44.073865,-19.845367],[-44.0735,-19.846105],[-44.073327,-19.846508],[-44.073234,-19.846729],[-44.073195,-19.846832],[-44.073138,-19.846977],[-44.073042,-19.847258],[-44.072953,-19.847554],[-44.072827,-19.84804],[-44.072771,-19.848293],[-44.072727,-19.848556],[-44.072671,-19.849034],[-44.072646,-19.849312],[-44.072626,-19.849573],[-44.072605,-19.851168],[-44.072567,-19.853105],[-44.07254,-19.8537],[-44.072514,-19.854094],[-44.072487,-19.854448],[-44.072405,-19.855565],[-44.072397,-19.855856],[-44.072362,-19.85614],[-44.072291,-19.857129],[-44.072255,-19.857621],[-44.072224,-19.857884],[-44.072184,-19.858116],[-44.072071,-19.858669],[-44.071983,-19.859001],[-44.071901,-19.859221],[-44.071826,-19.85942],[-44.07174,-19.859628],[-44.07165,-19.859809],[-44.071482,-19.860122],[-44.07125,-19.86049],[-44.07113,-19.860672],[-44.071011,-19.860826],[-44.070917,-19.860947],[-44.070759,-19.861135],[-44.07047,-19.861443],[-44.070157,-19.861744],[-44.068469,-19.863247],[-44.066814,-19.864676],[-44.066387,-19.865048],[-44.065952,-19.865418],[-44.065374,-19.865851],[-44.0647,-19.866284],[-44.062088,-19.867638],[-44.06079,-19.868299],[-44.060149,-19.868635],[-44.059524,-19.868988],[-44.058856,-19.869437],[-44.058233,-19.869923],[-44.057676,-19.870428],[-44.05715,-19.870988],[-44.056593,-19.87165],[-44.056211,-19.872143],[-44.056029,-19.872387],[-44.055843,-19.872633],[-44.055618,-19.872901],[-44.055324,-19.873259],[-44.054823,-19.873913],[-44.054444,-19.874431],[-44.05284,-19.876477],[-44.052546,-19.876851],[-44.052353,-19.877101],[-44.05196,-19.877621],[-44.051692,-19.877991],[-44.051464,-19.878346],[-44.051286,-19.87868],[-44.051152,-19.878965],[-44.051074,-19.879154],[-44.050851,-19.879796],[-44.050738,-19.880321],[-44.050567,-19.882976],[-44.050521,-19.883757],[-44.050476,-19.884705],[-44.050393,-19.886327],[-44.050377,-19.886506],[-44.050354,-19.886899],[-44.0503,-19.888097],[-44.050289,-19.888451],[-44.050187,-19.890173],[-44.049974,-19.89356],[-44.049951,-19.894169],[-44.049909,-19.89527],[-44.049819,-19.896826],[-44.04959,-19.900796],[-44.049586,-19.900862],[-44.049538,-19.90175],[-44.049452,-19.902395],[-44.049317,-19.902891],[-44.049173,-19.903374],[-44.048873,-19.90405],[-44.048572,-19.904544],[-44.048175,-19.905054],[-44.045635,-19.907712],[-44.04328,-19.910194],[-44.042725,-19.910738],[-44.042513,-19.910959],[-44.041868,-19.911671],[-44.041322,-19.912246],[-44.041118,-19.912518],[-44.040937,-19.912795],[-44.040829,-19.91299],[-44.040705,-19.913209],[-44.040605,-19.913426],[-44.040488,-19.913702],[-44.040389,-19.913931],[-44.040308,-19.914168],[-44.040231,-19.914455],[-44.039702,-19.916736],[-44.039469,-19.917762],[-44.039402,-19.918117],[-44.039321,-19.918433],[-44.039243,-19.91873],[-44.03915,-19.919035],[-44.039034,-19.919317],[-44.038892,-19.919592],[-44.038753,-19.919806],[-44.038592,-19.920023],[-44.038369,-19.920262],[-44.0381,-19.92047],[-44.037796,-19.920668],[-44.03752,-19.92083],[-44.037216,-19.920991],[-44.03676,-19.921212],[-44.036607,-19.92128],[-44.036439,-19.921348],[-44.036223,-19.921423],[-44.036023,-19.921465],[-44.035906,-19.921486],[-44.035763,-19.921494],[-44.035488,-19.921496],[-44.035238,-19.921488],[-44.034991,-19.921458],[-44.034729,-19.921399],[-44.034445,-19.921302],[-44.034415,-19.921288],[-44.034008,-19.921092],[-44.033624,-19.920876],[-44.031991,-19.919948],[-44.030704,-19.919181],[-44.030121,-19.918834],[-44.029875,-19.918704],[-44.029635,-19.918594],[-44.029365,-19.918498],[-44.029075,-19.918417],[-44.028751,-19.918366],[-44.028421,-19.918336],[-44.028104,-19.918341],[-44.027648,-19.918397],[-44.02738,-19.91847],[-44.027131,-19.918573],[-44.026903,-19.918717],[-44.026693,-19.918924],[-44.02644,-19.919252],[-44.026353,-19.919322],[-44.026276,-19.919371],[-44.026156,-19.919444],[-44.025891,-19.919572],[-44.025591,-19.919708],[-44.025344,-19.919834],[-44.024996,-19.920064],[-44.024647,-19.920331],[-44.023612,-19.921149],[-44.022949,-19.92165],[-44.022611,-19.921898],[-44.022295,-19.922119],[-44.022008,-19.922285],[-44.021742,-19.922421],[-44.021417,-19.922575],[-44.021076,-19.922708],[-44.020747,-19.922817],[-44.018043,-19.923559],[-44.017685,-19.92366],[-44.014492,-19.924562],[-44.013873,-19.924741],[-44.012557,-19.925147],[-44.009732,-19.925934],[-44.009427,-19.926009],[-44.009197,-19.926065],[-44.009149,-19.926076],[-44.008586,-19.926227],[-44.00821,-19.926302],[-44.007005,-19.926369],[-44.006618,-19.926387],[-44.006562,-19.92639],[-44.005685,-19.926431],[-44.005665,-19.926432],[-44.005649,-19.926432],[-44.005244,-19.926469],[-44.005056,-19.926443],[-44.004874,-19.926353],[-44.004774,-19.926264],[-44.004748,-19.926219],[-44.004652,-19.925984],[-44.004506,-19.925287],[-44.004497,-19.925246],[-44.004477,-19.925147],[-44.004369,-19.92492],[-44.004241,-19.924774],[-44.004053,-19.924643],[-44.003811,-19.924532],[-44.003645,-19.924516],[-44.003469,-19.924519],[-44.003213,-19.924589],[-44.003052,-19.924686],[-44.002916,-19.924809],[-44.002826,-19.924919],[-44.002343,-19.925563],[-44.002208,-19.925668],[-44.002096,-19.925728],[-44.001957,-19.925768],[-44.001822,-19.925778],[-44.001676,-19.925768],[-44.001566,-19.925751],[-44.001361,-19.92568],[-44.000968,-19.925567],[-44.000755,-19.925519],[-44.000595,-19.925502],[-44.000372,-19.925502],[-43.999419,-19.925544],[-43.999291,-19.925553],[-43.998463,-19.925581],[-43.998114,-19.925591],[-43.997841,-19.925626],[-43.997632,-19.925697],[-43.997473,-19.925832],[-43.997273,-19.926148],[-43.997125,-19.92638],[-43.99694,-19.926631],[-43.996772,-19.926871],[-43.996631,-19.927037],[-43.996211,-19.927441],[-43.995964,-19.927675],[-43.99556,-19.92805],[-43.994397,-19.928881],[-43.994216,-19.929012],[-43.994031,-19.929129],[-43.99384,-19.929246],[-43.99329,-19.92956],[-43.992961,-19.929713],[-43.992383,-19.929998],[-43.992238,-19.930078],[-43.992089,-19.930121],[-43.991848,-19.930138],[-43.99172,-19.930093],[-43.991585,-19.930005],[-43.991492,-19.929877],[-43.991224,-19.929375],[-43.990926,-19.928844],[-43.990824,-19.928685],[-43.990698,-19.928539],[-43.990559,-19.928425],[-43.990435,-19.928352],[-43.990304,-19.928284],[-43.990031,-19.928172],[-43.989676,-19.928108],[-43.989413,-19.92803],[-43.989145,-19.927949],[-43.988943,-19.927891],[-43.988713,-19.927743],[-43.988589,-19.927657],[-43.988406,-19.927503],[-43.988108,-19.9272],[-43.987974,-19.927064],[-43.987617,-19.926625],[-43.987466,-19.926438],[-43.987423,-19.926373],[-43.987097,-19.925887],[-43.986569,-19.925169],[-43.986408,-19.924985],[-43.986238,-19.924865],[-43.98605,-19.924752],[-43.985867,-19.924668],[-43.985678,-19.924612],[-43.985463,-19.924561],[-43.985192,-19.924531],[-43.985134,-19.924527],[-43.984952,-19.924514],[-43.984418,-19.924513],[-43.984095,-19.924472],[-43.983691,-19.924387],[-43.983227,-19.924248],[-43.982855,-19.92411],[-43.982507,-19.923994],[-43.98249,-19.923991],[-43.982177,-19.923932],[-43.981875,-19.92392],[-43.981106,-19.923922],[-43.979326,-19.923978],[-43.979038,-19.92399],[-43.979017,-19.923991],[-43.977851,-19.924038],[-43.977535,-19.924059],[-43.976426,-19.924129],[-43.975765,-19.924231],[-43.97569,-19.924243],[-43.974636,-19.92444],[-43.974393,-19.924492],[-43.973899,-19.924502],[-43.973572,-19.924426],[-43.97325,-19.92427],[-43.973014,-19.924068],[-43.972773,-19.92373],[-43.972483,-19.923291],[-43.972081,-19.922858],[-43.971657,-19.922555],[-43.971421,-19.922409],[-43.971153,-19.922283],[-43.970944,-19.922203],[-43.970574,-19.922061],[-43.970059,-19.92181],[-43.969879,-19.9217],[-43.969587,-19.921508],[-43.969327,-19.921263],[-43.968837,-19.920865],[-43.968217,-19.920315],[-43.967909,-19.920017],[-43.967403,-19.919484],[-43.96662,-19.918732],[-43.966117,-19.918298],[-43.965803,-19.918101],[-43.965444,-19.91794],[-43.965072,-19.917831],[-43.964496,-19.917663],[-43.964053,-19.917572],[-43.963723,-19.917539],[-43.963348,-19.91759],[-43.963109,-19.917686],[-43.962911,-19.917789],[-43.962465,-19.918114],[-43.962194,-19.918286],[-43.96198,-19.918402],[-43.961749,-19.918472],[-43.96154,-19.918488],[-43.961328,-19.918482],[-43.961222,-19.918477],[-43.961141,-19.91849],[-43.96105,-19.918577],[-43.960756,-19.918793],[-43.960609,-19.918862],[-43.96037,-19.918958],[-43.960193,-19.919016],[-43.95999,-19.919051],[-43.959661,-19.919105],[-43.959217,-19.919167],[-43.958421,-19.919274],[-43.958085,-19.919268],[-43.957868,-19.919264],[-43.957652,-19.919206],[-43.95723,-19.919052],[-43.956884,-19.918926],[-43.956774,-19.918882],[-43.956663,-19.918838],[-43.956528,-19.918771],[-43.956437,-19.918868],[-43.956348,-19.919052],[-43.955809,-19.919877],[-43.955759,-19.91997],[-43.955719,-19.920045],[-43.955634,-19.920128],[-43.955499,-19.920272],[-43.955358,-19.920308],[-43.955239,-19.920336],[-43.955095,-19.92037],[-43.954287,-19.920586],[-43.954207,-19.9206],[-43.952812,-19.920932],[-43.95243,-19.921028],[-43.951673,-19.921224],[-43.951599,-19.921243],[-43.951519,-19.921254],[-43.95092,-19.921395],[-43.950621,-19.921467],[-43.950395,-19.921522],[-43.950324,-19.921539],[-43.950272,-19.921552],[-43.950253,-19.921557],[-43.949176,-19.921818],[-43.949001,-19.921859],[-43.948854,-19.921895],[-43.948737,-19.921924],[-43.947851,-19.922139],[-43.947725,-19.922169],[-43.946556,-19.922455],[-43.946432,-19.922486],[-43.946404,-19.922494],[-43.946418,-19.922548],[-43.946463,-19.922716],[-43.946667,-19.923425],[-43.946705,-19.923556],[-43.946639,-19.923669],[-43.94645,-19.923563],[-43.94597,-19.923294],[-43.945835,-19.923226],[-43.945668,-19.923252],[-43.94552,-19.923321],[-43.94543,-19.92337],[-43.945333,-19.923409],[-43.945201,-19.923425],[-43.945081,-19.923426],[-43.944905,-19.923393],[-43.944778,-19.923339],[-43.944626,-19.923226],[-43.94452,-19.923084],[-43.94448,-19.922998],[-43.944454,-19.922921],[-43.944427,-19.922776],[-43.944438,-19.922663],[-43.944412,-19.92253],[-43.944384,-19.922445],[-43.944363,-19.922421],[-43.944219,-19.922323],[-43.943546,-19.921958],[-43.943427,-19.921887],[-43.943389,-19.921865],[-43.943277,-19.921894],[-43.942393,-19.922124],[-43.942255,-19.922235],[-43.942287,-19.922369],[-43.942534,-19.923257],[-43.942554,-19.923329],[-43.942674,-19.923299],[-43.942794,-19.923268],[-43.942872,-19.923204],[-43.943178,-19.923125]],"type":"LineString"}}
